Brand,Category,FIT,STYLECODE,Description,COLOR,Size,Barcode
DOCKERS,3'S PACK,NA,DS001073S7,DOCKERS SOCKS VALUE PACK SPORT,NA,FR,8901025793880
DOCKERS,SINGLES,NA,DS00207007,DOCKERS SOCKS  TONAL PLAIN NAV,NA,FR,8902706040286
DOCKERS,SINGLES,NA,DS00207027,DOCKERS SOCKS  TONAL PLAIN NAV,NA,FR,8902706040293
DOCKERS,SINGLES,NA,DS00207137,DOCKERS SOCKS  TONAL PLAIN NAV,NA,FR,8902706040316
DOCKERS,SINGLES,NA,DS00507197,DOCKERS SOCKS VALUE PACK 13 X,NA,FR,8901025793989
DOCKERS,SINGLES,NA,DS00907007,DOCKERS SOCKS VALUE PACK CHECK,NA,FR,8901025794146
DOCKERS,SINGLES,NA,DS00907077,DOCKERS SOCKS VALUE PACK CHECK,NA,FR,8901025794160
DOCKERS,3'S PACK,NA,DS01007027,3PACK DOCKERS SOCK,NA,FR,8901025794191
DOCKERS,3'S PACK,NA,DS01007187,3PACK DOCKERS SOCK,NA,FR,8901025794214
DOCKERS,3'S PACK,NA,DS01007257,3PACK DOCKERS SOCK,NA,FR,8901025794221
DOCKERS,3'S PACK,NA,DS01107007,3PACK DOCKERS SOCK,NA,FR,8901025794245
DOCKERS,3'S PACK,NA,DS01107017,3PACK DOCKERS SOCK,NA,FR,8901025794252
DOCKERS,3'S PACK,NA,DS01107047,3PACK DOCKERS SOCK,NA,FR,8901025794269
DOCKERS,SINGLES,NA,DS01207007,DOCKERS SOCKS VALUE PACK MESH,NA,FR,8901025794306
DOCKERS,SINGLES,NA,DS01207017,DOCKERS SOCKS VALUE PACK MESH,NA,FR,8901025794313
DOCKERS,SINGLES,NA,DS01207187,DOCKERS SOCKS VALUE PACK MESH,NA,FR,8901025794320
DOCKERS,SINGLES,NA,DS01207257,DOCKERS SOCKS VALUE PACK MESH,NA,FR,8901025794337
DOCKERS,SINGLES,NA,DS01307057,DOCKER SOCKS LINKS TRIANGLE 73,NA,FR,8902706055891
DOCKERS,SINGLES,NA,DS01307067,DOCKER SOCKS LINKS TRIANGLE 73,NA,FR,8902706055907
DOCKERS,SINGLES,NA,DS01307077,DOCKER SOCKS LINKS TRIANGLE 73,NA,FR,8902706055914
DOCKERS,SINGLES,NA,DS01407037,DOCKER SOCKS BROAD STRIPES WIT,NA,FR,8902706055952
DOCKERS,SINGLES,NA,DS01407047,DOCKER SOCKS BROAD STRIPES WIT,NA,FR,8902706055969
DOCKERS,SINGLES,NA,DS01407057,DOCKER SOCKS BROAD STRIPES WIT,NA,FR,8902706055976
DOCKERS,3'S PACK,NA,DS01507037,3PACK DOCKERS SOCK,NA,FR,8902706056003
DOCKERS,3'S PACK,NA,DS01507047,3PACK DOCKERS SOCK,NA,FR,8902706056010
DOCKERS,3'S PACK,NA,DS01507057,3PACK DOCKERS SOCK,NA,FR,8902706056027
DOCKERS,3'S PACK,NA,DS01507067,3PACK DOCKERS SOCK,NA,FR,8902706056034
DOCKERS,SINGLES,NA,DS01607017,DOCKER SOCKS CHECK STRIPES 256,NA,FR,8902706056041
DOCKERS,SINGLES,NA,DS01607027,DOCKER SOCKS CHECK STRIPES 256,NA,FR,8902706056058
DOCKERS,SINGLES,NA,DS01707027,DOCKER SOCKS DOTS 243 A 3334 B,NA,FR,8902706056102
DOCKERS,SINGLES,NA,DS01707037,DOCKER SOCKS DOTS 243 A 3334 B,NA,FR,8902706056119
DOCKERS,SINGLES,NA,DS01707047,DOCKER SOCKS DOTS 243 A 3334 B,NA,FR,8902706056126
DOCKERS,SINGLES,NA,DS01807017,DOCKER SOCKS BROKEN GRID 253 A,NA,FR,8902706056133
DOCKERS,SINGLES,NA,DS01807027,DOCKER SOCKS BROKEN GRID 253 A,NA,FR,8902706056140
DOCKERS,SINGLES,NA,DS01807037,DOCKER SOCKS BROKEN GRID 253 A,NA,FR,8902706056157
DOCKERS,SINGLES,NA,DS01807047,DOCKER SOCKS BROKEN GRID 253 A,NA,FR,8902706056164
DOCKERS,SINGLES,NA,DS01807057,DOCKER SOCKS BROKEN GRID 253 A,NA,FR,8902706056171
DOCKERS,SINGLES,NA,DS01807067,DOCKER SOCKS BROKEN GRID 253 A,NA,FR,8902706056188
DOCKERS,SINGLES,NA,DS01907017,DOCKERS SOCKS  LINE AND DOT  2,NA,FR,8902706056195
DOCKERS,SINGLES,NA,DS01907027,DOCKERS SOCKS  LINE AND DOT  2,NA,FR,8902706056201
DOCKERS,SINGLES,NA,DS01907037,DOCKERS SOCKS  LINE AND DOT  2,NA,FR,8902706056218
DOCKERS,SINGLES,NA,DS01907047,DOCKERS SOCKS  LINE AND DOT  2,NA,FR,8902706056225
DOCKERS,SINGLES,NA,DS01907067,DOCKERS SOCKS  LINE AND DOT  2,NA,FR,8902706056249
DOCKERS,SINGLES,NA,DS02007057,DOCKERS SOCKS   TRIANGLES  253,NA,FR,8902706056294
DOCKERS,SINGLES,NA,DS02107037,DOCKERS SOCKS  6 X 2 RIB W STR,NA,FR,8902706056324
DOCKERS,SINGLES,NA,DS02107047,DOCKERS SOCKS  6 X 2 RIB W STR,NA,FR,8902706056331
DOCKERS,3'S PACK,NA,DS02307007,DOCKERS SOCKS  GRID BLOCKS  24,NA,FR,8902706056379
DOCKERS,3'S PACK,NA,DS02407007,DOCKERS SOCKS  GRID BLOCKS   2,NA,FR,8902706056386
DOCKERS,WALLETS,NA,DW00512197,DOCKERS DOUBLE FOLD W 6 CREDIT,NA,FR,8901025794412
DOCKERS,WALLETS,NA,DW00612007,DOCKERS BILLFOLD WITH COIN POC,NA,FR,8901025794429
DOCKERS,WALLETS,NA,DW00812017,DOCKERS BASIC BILL FOLD IN SHE,NA,FR,8901025794450
LEVIS,BAGS,NA,BAG6000000,LEVIS  BAGS,NA,FR,8902706302025
LEVIS,BAGS,NA,BAG7000000,LEVIS  BAGS,NA,FR,8902706302032
LEVIS,BELTS,NA,BELT100000,LEVIS  BELTS,NA,FR,8902706302049
LEVIS,BELTS,NA,BELT200000,LEVIS  BELTS,NA,FR,8902706302056
LEVIS,BELTS,NA,BELT400000,LEVIS  BELTS,NA,FR,8902706302070
LEVIS,BELTS,NA,BELT500000,LEVIS  BELTS,NA,FR,8902706302087
LEVIS,CAPS,NA,CAP2000000,LEVIS CAPS,NA,FR,8902706302100
LEVIS,BAGS,NA,LB012D4007,ANNA-HIPPIE STYLE B1 BLACK DEN,NA,FR,8902706301943
LEVIS,BAGS,NA,LB013C1007,WASHED DENIM DRAW STRING BAG W,NA,FR,LB013C1007
LEVIS,BAGS,NA,LB03208237,ENZYME SAND WASHED  DENIM BAG,NA,FR,8902706489351
LEVIS,BAGS,NA,LB03408237,ENZYME SAND WASHED DENIM BAG /,NA,FR,8902706489375
LEVIS,BACKPACK,NA,LB058D1007,F-16 BACK PACK,NA,FR,8902706575696
LEVIS,SLING BAG,NA,LB061D2007,HARRIER DBLTCK SLING,NA,FR,8902706575726
LEVIS,SLING BAG,NA,LB06308237,DENIM SLING BAG WITH BUTTON HD,NA,FR,8902706575740
LEVIS,BACKPACK,NA,LB079C1347,WASHED CANVAS 2 IN ONE (BACKPA,NA,FR,8902706638995
LEVIS,BAGS,NA,LB08508237,WASHED DENIM SMALL UTILITY BAG,NA,FR,8902706639039
LEVIS,SLING BAG,NA,LB09208007,BAGS,NA,FR,8902706639060
LEVIS,BACKPACK,NA,LB09908237,WASHED DENIM F-16 ( BACKPACK ),NA,FR,8902706639121
LEVIS,BAGS,NA,LB10408237,DENIM BAG WITH GRAPHIC PRINT,NA,FR,8902706697015
LEVIS,SHOULDER BAG,NA,LB12103487,BAGS,NA,FR,8902706779667
LEVIS,SHOULDER BAG,NA,LB12108237,BAGS,NA,FR,8902706779674
LEVIS,SHOULDER BAG,NA,LB12303487,BAGS,NA,FR,8902706779704
LEVIS,SLING BAG,NA,LB12408237,BAGS,NA,FR,8902706779735
LEVIS,BACKPACK,NA,LB12708237,BAGS,NA,FR,8902706779797
LEVIS,CAPS,NA,LC00708007,LEVIS 6 PANEL BLASTED DENIM  S,NA,FR,LC00708007
LEVIS,CAPS,NA,LC00708217,LEVIS 6 PANEL BLASTED DENIM  S,NA,FR,LC00708217
LEVIS,CAPS,NA,LC01204517,LEVIS SPORT HDP3 STRIPS ON PEA,NA,FR,8902706158288
LEVIS,CAPS,NA,LC01315357,LEVIS STRAUSS EMBROIDERY ON PE,NA,FR,8902706158295
LEVIS,BERET,NA,LC02315357,CORD BERET CAP W LEVIS STRAUSS,NA,FR,8902706410638
LEVIS,CAPS,NA,LC03304227,HDP BROKEN LEVIS PRINT NAVY,NA,FR,8902706489443
LEVIS,CAPS,NA,LC03404007,HDP LEVIS GRAPHIC PRINT ON SID,NA,FR,8902706489450
LEVIS,CAPS,NA,LC04204227,TWILL CAP W LS RAISED EMBROIDE,NA,FR,8902706504016
LEVIS,CAPS,NA,LC04204347,TWILL CAP W LS RAISED EMBROIDE,NA,FR,8902706504023
LEVIS,CAPS,NA,LC06804117,DENIM CAP  LEVIS SIGNATURE EMB,NA,FR,8902706520900
LEVIS,CAPS,NA,LC06804227,DENIM CAP  LEVIS SIGNATURE EMB,NA,FR,8902706523260
LEVIS,CAPS,NA,LC06804347,DENIM CAP  LEVIS SIGNATURE EMB,NA,FR,8902706523277
LEVIS,CAPS,NA,LC07008007,LEVIS 1853 PATCH [LC003008237],NA,FR,8902706523963
LEVIS,CAPS,NA,LC07604117,TWILL FABRIC W LEVI'S BRANDING,NA,FR,8902706639213
LEVIS,CAPS,NA,LC07604507,TWILL FABRIC W LEVI'S BRANDING,NA,FR,8902706639220
LEVIS,CAPS,NA,LC07604517,TWILL FABRIC W LEVI'S BRANDING,NA,FR,8902706639237
LEVIS,CAPS,NA,LC08004567,TWILL FABRIC W ZIPPER PKT ON P,NA,FR,8902706639305
LEVIS,CAPS,NA,LC08204357,FLOPPY HAT,NA,FR,8902706639343
LEVIS,CAPS,NA,LC08704077,CAPS,NA,FR,8902706639398
LEVIS,CAPS,NA,LC08704257,CAPS,NA,FR,8902706639404
LEVIS,CAPS,NA,LC12604567,LEVIS CAPS,NA,FR,8902706780069
LEVIS,CAPS,NA,LC12804487,LEVIS CAPS,NA,FR,8902706780120
LEVIS,CAPS,NA,LC12904117,LEVIS CAPS,NA,FR,8902706780151
LEVIS,3'S PACK,NA,LS01007007,LEVIS SOCKS CAMOFLOUGE 256 A 3,NA,FR,8902706056393
LEVIS,SINGLES,NA,LS01207017,LEVIS SOCKS  TONAL STRIPES WIT,NA,FR,8902706056416
LEVIS,SINGLES,NA,LS01207027,LEVIS SOCKS  TONAL STRIPES WIT,NA,FR,8902706056423
LEVIS,SINGLES,NA,LS01207037,LEVIS SOCKS  TONAL STRIPES WIT,NA,FR,8902706056430
LEVIS,SINGLES,NA,LS01207047,LEVIS SOCKS  TONAL STRIPES WIT,NA,FR,8902706056447
LEVIS,SINGLES,NA,LS01207057,LEVIS SOCKS  TONAL STRIPES WIT,NA,FR,8902706056454
LEVIS,SINGLES,NA,LS01307027,LEVIS SOCKS  LOGO W CONTRAST,NA,FR,8902706056478
LEVIS,SINGLES,NA,LS01307037,LEVIS SOCKS  LOGO W CONTRAST,NA,FR,8902706056485
LEVIS,SINGLES,NA,LS01307047,LEVIS SOCKS  LOGO W CONTRAST,NA,FR,8902706056492
LEVIS,SINGLES,NA,LS01307057,LEVIS SOCKS  LOGO W CONTRAST,NA,FR,8902706056508
LEVIS,SINGLES,NA,LS01407037,LEVIS SOCKS VERTICAL STRIPES 2,NA,FR,8902706056539
LEVIS,SINGLES,NA,LS01507017,LEVIS SOCKS CONTRAST L/F WITH,NA,FR,8902706056560
LEVIS,SINGLES,NA,LS01507037,LEVIS SOCKS CONTRAST L/F WITH,NA,FR,8902706056584
LEVIS,SINGLES,NA,LS01607027,LEVIS SOCKS BLOCKS 253 A 3382,NA,FR,8902706056614
LEVIS,SINGLES,NA,LS01607057,LEVIS SOCKS BLOCKS 253 A 3382,NA,FR,8902706056645
LEVIS,SINGLES,NA,LS01707047,LEVIS SOCKS JEANS POCKET 253 A,NA,FR,8902706056683
LEVIS,SINGLES,NA,LS01707057,LEVIS SOCKS JEANS POCKET 253 A,NA,FR,8902706056690
LEVIS,SINGLES,NA,LS01807017,LEVIS SOCKS VERTICAL LINE 243,NA,FR,8902706065029
LEVIS,WALLETS,NA,LW00312197,LEVIS LEATHE BILL FOLD W/COIN,NA,FR,8901025791466
MTV,CAPS,NA,MC0057,REVERSIBLE HAT,R,N,8902358312793
MTV,TEES,NA,MD0102,TEE WITH MTV WID DOTS PRINT,Y,L,8902358333804
MTV,TEES,NA,MD0105,TEE WITH MTV CHAAP PRINT,C,L,8902358333897
MTV,TEES,NA,MD0106,TEE WITH MTV WID LINES PRINT,U,L,8902358333927
MTV,TEES,NA,MD0106,TEE WITH MTV WID LINES PRINT,U,M,8902358333910
MTV,TEES,NA,MD0106,TEE WITH MTV WID LINES PRINT,U,S,8902358333903
MTV,TEES,NA,MD0115,TEE WITH WICKED PRINT,N,L,8902358335266
MTV,TEES,NA,MD0117,TEE WITH HEAD PHONE PRINT,O,L,8902358335297
MTV,TEES,NA,MD0125,TEE WITH CONTRAST FLATLOCK & H,C,M,8902358337178
MTV,TEES,NA,MD0126,FLAT LOCK,U,L,8902358336515
MTV,TEES,NA,MD0132,TEE WITH DISCO PRINT,O,M,8902358338236
MTV,TEES,NA,MD0134,FLAT LOCK,U,L,8902358336546
MTV,TEES,NA,MD0134,FLAT LOCK,U,M,8902358336539
MTV,TEES,NA,MD0136,TEE WITH RAGGEAE PRINT,G,M,8902358335853
MTV,TEES,NA,MD0168,LANGOOR PRINT,O,M,8902358340857
MTV,TEES,NA,MD0170,DOODLE PRINT,Q,L,8902358340949
MTV,TEES,NA,MD0172,RETRO PRINT,C,M,8902358341014
MTV,TEES,NA,MD0180,RETRO PRINT,L,XL,8902358341311
MTV,TEES,NA,MD0187,EL - TORRO,W,L,8902358352270
MTV,TEES,NA,MD0187,EL - TORRO,W,XL,8902358352287
MTV,TEES,NA,MD0188,HEAVY METAL,W,L,8902358352317
MTV,TEES,NA,MD0190,PROUD INDIAN,Q,L,8902358352393
MTV,TEES,NA,MD0191,JAGGU,Q,L,8902358352430
MTV,TEES,NA,MD0191,JAGGU,Q,S,8902358352416
MTV,TEES,NA,MD0191,JAGGU,Q,XL,8902358352447
MTV,TEES,NA,MD0194,WICKED,A,L,8902358352553
MTV,TEES,NA,MD0194,WICKED,A,M,8902358352546
MTV,TEES,NA,MD0194,WICKED,A,S,8902358352539
MTV,TEES,NA,MD0194,WICKED,A,XL,8902358352560
MTV,TEES,NA,MD0195,PROUD INDIAN,C,L,8902358352591
MTV,TEES,NA,MD0195,PROUD INDIAN,C,M,8902358352584
MTV,TEES,NA,MD0195,PROUD INDIAN,C,XL,8902358352607
MTV,TEES,NA,MD0196,MAA,C,M,8902358352621
MTV,TEES,NA,MD0196,MAA,C,S,8902358352614
MTV,TEES,NA,MD0197,PROUD INDIAN,R,L,8902358352676
MTV,TEES,NA,MD0197,PROUD INDIAN,R,XL,8902358352683
MTV,TEES,NA,MD0198,JAGGU,R,L,8902358352713
MTV,TEES,NA,MD0199,MAI KA LAL,R,XL,8902358352768
MTV,TEES,NA,MD0203,RAGGAE,U,M,8902358352904
MTV,TEES,NA,MD0204,MTV  DOT PRINT,U,L,8902358352959
MTV,TEES,NA,MD0204,MTV  DOT PRINT,U,XL,8902358352966
MTV,TEES,NA,MD0205,HEAVY METAL,O,L,8902358360268
MTV,TEES,NA,MD0206,HAND SIGN,O,L,8902358360305
MTV,TEES,NA,MD0206,HAND SIGN,O,XL,8902358360312
MTV,TEES,NA,MD0207,EL - TORRO,L,L,8902358352997
MTV,TEES,NA,MD0207,EL - TORRO,L,XL,8902358353000
MTV,TEES,NA,MD0208,JAGGU,L,XL,8902358353048
MTV,TEES,NA,MD0209,BHOOT,Y,L,8902358353079
MTV,TEES,NA,MD0210,HAIR STYLE,Y,L,8902358353116
MTV,TEES,NA,MD0212,ROCK STAR,T,L,8902358353192
MTV,TEES,NA,MD0212,ROCK STAR,T,XL,8902358353208
MTV,TEES,NA,MD0213,RAP,T,L,8902358353239
MTV,TEES,NA,MD0213,RAP,T,M,8902358353222
MTV,TEES,NA,MD0213,RAP,T,XL,8902358353246
MTV,TEES,NA,MD0214,CHHAP PRINT,O,L,8902358353277
MTV,TEES,NA,MD0216,MAI KA LAL,G,L,8902358353352
MTV,TEES,NA,MD0217,RAP,G,L,8902358353390
MTV,TEES,NA,MD0218,BHAI -BAHI,N,L,8902358353437
MTV,TEES,NA,MD0218,BHAI -BAHI,N,XL,8902358353444
MTV,TEES,NA,MD0219,BHOOT,N,L,8902358353475
MTV,TEES,NA,MD0219,BHOOT,N,M,8902358353468
MTV,TEES,NA,MD0219,BHOOT,N,S,8902358353451
MTV,TEES,NA,MD0219,BHOOT,N,XL,8902358353482
MTV,TEES,NA,MD0221,LE CAR HUM,W,L,8902358358388
MTV,TEES,NA,MD0221,LE CAR HUM,W,S,8902358358333
MTV,TEES,NA,MD0221,LE CAR HUM,W,XL,8902358358449
MTV,TEES,NA,MD0223,START SITAR,W,L,8902358358463
MTV,TEES,NA,MD0224,CHAMELI KA TEL,W,L,8902358358661
MTV,TEES,NA,MD0224,CHAMELI KA TEL,W,S,8902358358647
MTV,TEES,NA,MD0225,AGAR MAA KA  DOOD,W,L,8902358358708
MTV,TEES,NA,MD0226,START SITAR,Q,L,8902358358746
MTV,TEES,NA,MD0228,OUR WORLD,A,L,8902358358548
MTV,TEES,NA,MD0229,PROUD TO BE INDIAN,A,L,8902358358784
MTV,TEES,NA,MD0229,PROUD TO BE INDIAN,A,S,8902358358760
MTV,TEES,NA,MD0230,PAPPU PIPER,N,L,8902358358821
MTV,TEES,NA,MD0230,PAPPU PIPER,N,S,8902358358807
MTV,TEES,NA,MD0231,CUBES,N,L,8902358358586
MTV,TEES,NA,MD0232,CHAMELI KA TEL,R,XL,8902358358876
MTV,TEES,NA,MD0236,SNOW FLAKES,M,L,8902358358623
MTV,TEES,NA,MD0236,SNOW FLAKES,M,XL,8902358358630
MTV,TEES,NA,MD0237,OUR WORLD,M,L,8902358358982
MTV,TEES,NA,MD0241,CUBES,G,L,8902358359149
MTV,TEES,NA,MD0241,CUBES,G,M,8902358359132
MTV,TEES,NA,MD0242,UNIVERSAL LANGUAGE,J,L,8902358359187
MTV,TEES,NA,MD0243,BAHUT BADA SHAITAN,J,L,8902358359224
MTV,TEES,NA,MD0244,AGAR MAA KA  DOOD,Z,L,8902358359262
MTV,TEES,NA,MD0245,PROUD TO BE INDIAN,Z,M,8902358359293
MTV,TEES,NA,MD0245,PROUD TO BE INDIAN,Z,S,8902358359286
MTV,TEES,NA,MD0246,BAHUT BADA SHAITAN,X,L,8902358359422
MTV,TEES,NA,MD0248,PROUD TO BE INDIAN,I,S,8902358359323
MTV,TEES,NA,MD0249,DRAMABAZZ,D,L,8902358359385
MTV,POLOS,NA,MD0277,CONTRAST NECK BINDING,Q,L,8902358360800
MTV,POLOS,NA,MD0279,CONTRAST NECK BINDING,A,M,8902358360879
MTV,POLOS,NA,MD0279,CONTRAST NECK BINDING,A,S,8902358360862
MTV,POLOS,NA,MD0280,CONTRAST NECK BINDING,C,L,8902358360923
MTV,POLOS,NA,MD0280,CONTRAST NECK BINDING,C,M,8902358360916
MTV,POLOS,NA,MD0280,CONTRAST NECK BINDING,C,S,8902358360909
MTV,POLOS,NA,MD0281,CONTRAST NECK BINDING,C,L,8902358360961
MTV,POLOS,NA,MD0281,CONTRAST NECK BINDING,C,M,8902358360954
MTV,POLOS,NA,MD0281,CONTRAST NECK BINDING,C,S,8902358360947
MTV,POLOS,NA,MD0281,CONTRAST NECK BINDING,C,XL,8902358360978
MTV,POLOS,NA,MD0282,CONTRAST NECK BINDING,N,M,8902358360992
MTV,POLOS,NA,MD0282,CONTRAST NECK BINDING,N,S,8902358360985
MTV,POLOS,NA,MD0283,CONTRAST NECK BINDING,N,L,8902358361043
MTV,POLOS,NA,MD0283,CONTRAST NECK BINDING,N,M,8902358361036
MTV,POLOS,NA,MD0283,CONTRAST NECK BINDING,N,S,8902358361029
MTV,POLOS,NA,MD0289,CONTRAST NECK BINDING,U,M,8902358361272
MTV,POLOS,NA,MD0290,CONTRAST NECK BINDING,L,S,8902358361302
MTV,POLOS,NA,MD0291,CONTRAST NECK BINDING,L,S,8902358361340
MTV,POLOS,NA,MD0292,CONTRAST NECK BINDING,G,L,8902358361401
MTV,POLOS,NA,MD0292,CONTRAST NECK BINDING,G,M,8902358361395
MTV,POLOS,NA,MD0292,CONTRAST NECK BINDING,G,S,8902358361388
MTV,POLOS,NA,MD0293,CONTRAST NECK BINDING,P,M,8902358361432
MTV,POLOS,NA,MD0294,CONTRAST NECK BINDING,P,L,8902358361487
MTV,POLOS,NA,MD0294,CONTRAST NECK BINDING,P,M,8902358361470
MTV,POLOS,NA,MD0294,CONTRAST NECK BINDING,P,S,8902358361463
MTV,POLOS,NA,MD0299,CONTRAST NECK BINDING,K,S,8902358361661
MTV,POLOS,NA,MD0306,POLO PIQUE 200GSM,N,S,8902358361821
MTV,POLOS,NA,MD0311,POLO PIQUE 200GSM,U,L,8902358362040
MTV,POLOS,NA,MD0311,POLO PIQUE 200GSM,U,S,8902358362026
MTV,POLOS,NA,MD0313,POLO PIQUE 200GSM,X,M,8902358362071
MTV,POLOS,NA,MD0313,POLO PIQUE 200GSM,X,S,8902358362064
MTV,POLOS,NA,MD0314,POLO PIQUE 200GSM,I,XL,8902358362132
MTV,POLOS,NA,MD0315,POLO PIQUE 200GSM,Y,L,8902358362163
MTV,POLOS,NA,MD0315,POLO PIQUE 200GSM,Y,S,8902358362149
MTV,POLOS,NA,MD0317,POLO PIQUE 200GSM,O,L,8902358362248
MTV,POLOS,NA,MD0317,POLO PIQUE 200GSM,O,XL,8902358362255
MTV,POLOS,NA,MD0318,POLO PIQUE 200GSM,T,S,8902358362262
MTV,POLOS,NA,MD0319,POLO PIQUE 200GSM,Z,M,8902358362316
MTV,POLOS,NA,MD0325,POLO PIQUE 200GSM,A,L,8902358362446
MTV,POLOS,NA,MD0328,POLO PIQUE 200GSM,C,L,8902358362569
MTV,POLOS,NA,MD0332,POLO PIQUE 200GSM,X,M,8902358362712
MTV,POLOS,NA,MD0339,POLO PIQUE 200GSM,Z,M,8902358362958
MTV,POLOS,NA,MD0339,POLO PIQUE 200GSM,Z,S,8902358362941
MTV,TEES,NA,MD0340,CONTRAST NECK BINDING ROUND N,W,L,8902358363009
MTV,TEES,NA,MD0340,CONTRAST NECK BINDING ROUND N,W,M,8902358362996
MTV,TEES,NA,MD0343,CONTRAST NECK BINDING ROUND N,A,L,8902358363085
MTV,TEES,NA,MD0348,CONTRAST NECK BINDING ROUND N,O,XL,8902358363290
MTV,TEES,NA,MD0367,RASTA KATUNGA,R,S,8902358364020
MTV,TEES,NA,MD0374,MTV LOGO  GRAPHIC,G,L,8902358364327
MTV,TEES,NA,MD0379,SHER KABOOTAR CHUHA,I,L,8902358364525
MTV,TEES,NA,MD0383,CHATAHUA BADMASH,W,L,8902358364686
MTV,TEES,NA,MD0387,MTV SITAR,N,L,8902358364846
MTV,TEES,NA,MD0387,MTV SITAR,N,M,8902358364839
MTV,TEES,NA,MD0387,MTV SITAR,N,S,8902358364822
MTV,TEES,NA,MD0391,HIP DESI HAIR STYLE,T,L,8902358365003
MTV,TEES,NA,MD0409,THE GYAN,O,M,8902358365775
MTV,TEES,NA,MDTS0443,T-SHIRT PRINT,A,L,8902358366901
MTV,TEES,NA,MDTS0444,T-SHIRT PRINT,A,L,8902358366949
MTV,TEES,NA,MDTS0444,T-SHIRT PRINT,A,S,8902358366925
MTV,TEES,NA,MDTS0445,T-SHIRT PRINT,A,L,8902358366987
MTV,TEES,NA,MDTS0447,T-SHIRT PRINT,A,XL,8902358367076
MTV,TEES,NA,MDTS0449,T-SHIRT PRINT,A,M,8902358367137
MTV,TEES,NA,MDTS0451,T-SHIRT PRINT,A,XL,8902358367236
MTV,CARGOS,NA,MM1218,BASIC CARGO WITH 30S THREAD,A,32,8902358335471
MTV,CARGOS,NA,MM1218,BASIC CARGO WITH 30S THREAD,A,30,8902358335464
MTV,CARGOS,NA,MM1218,BASIC CARGO WITH 30S THREAD,A,34,8902358335488
MTV,CARGOS,NA,MM1218,BASIC CARGO WITH 30S THREAD,G,32,8902358335518
MTV,CARGOS,NA,MM1218,BASIC CARGO WITH 30S THREAD,G,34,8902358335525
MTV,CARGOS,NA,MM1218,BASIC CARGO WITH 30S THREAD,K,34,8902358330452
MTV,CARGOS,NA,MM1218,BASIC CARGO WITH 30S THREAD,U,30,8902358335426
MTV,CARGOS,NA,MM1220,BASIC CARGO TROUSER,D,28,8902358335341
MTV,CARGOS,NA,MM1220,BASIC CARGO TROUSER,K,28,8902358335907
MTV,TROUSERS,NA,MM1222,DISTRESS PATCH TROUSER,D,32,8902358338298
MTV,TROUSERS,NA,MM1222,DISTRESS PATCH TROUSER,D,34,8902358338304
MTV,TROUSERS,NA,MM1222,DISTRESS PATCH TROUSER,K,34,8902358338342
MTV,SHIRTS,NA,MM1227,CHAIN STITCH SHIRT,B,L,8902358338748
MTV,SHIRTS,NA,MM1227,CHAIN STITCH SHIRT,B,M,8902358338731
MTV,SHIRTS,NA,MM1227,CHAIN STITCH SHIRT,W,M,8902358338779
MTV,SHIRTS,NA,MM1227,CHAIN STITCH SHIRT,W,S,8902358338762
MTV,SHIRTS,NA,MM1227,CHAIN STITCH SHIRT,W,XL,8902358338793
MTV,SHIRTS,NA,MM1234,LAYERED CHECKS SHIRT,A,M,8902358329241
MTV,SHIRTS,NA,MM1234,LAYERED CHECKS SHIRT,C,L,8902358329210
MTV,SHIRTS,NA,MM1240,DIAGONAL BOX PLEET SHIRT,H,L,8902358338502
MTV,SHIRTS,NA,MM1240,DIAGONAL BOX PLEET SHIRT,H,M,8902358338496
MTV,SHIRTS,NA,MM1240,DIAGONAL BOX PLEET SHIRT,H,S,8902358338489
MTV,SHIRTS,NA,MM1240,DIAGONAL BOX PLEET SHIRT,H,XL,8902358338519
MTV,SHIRTS,NA,MM1240,DIAGONAL BOX PLEET SHIRT,N,L,8902358338588
MTV,SHIRTS,NA,MM1240,DIAGONAL BOX PLEET SHIRT,N,S,8902358338564
MTV,SHIRTS,NA,MM1300,SOLID COLOR WESTERN SHIRT,H,M,8902358344046
MTV,SHIRTS,NA,MM1300,SOLID COLOR WESTERN SHIRT,H,S,8902358344039
MTV,SHIRTS,NA,MM1300,SOLID COLOR WESTERN SHIRT,N,L,8902358344169
MTV,SHIRTS,NA,MM1300,SOLID COLOR WESTERN SHIRT,N,S,8902358344145
MTV,SHIRTS,NA,MM1300,SOLID COLOR WESTERN SHIRT,N,XL,8902358344176
MTV,SHIRTS,NA,MM1300,SOLID COLOR WESTERN SHIRT,O,M,8902358344114
MTV,SHIRTS,NA,MM1300,SOLID COLOR WESTERN SHIRT,Q,L,8902358343988
MTV,SHIRTS,NA,MM1300,SOLID COLOR WESTERN SHIRT,Q,XL,8902358343995
MTV,SHIRTS,NA,MM1301,STRIPER WESTERN SHIRT,K,L,8902358351631
MTV,SHIRTS,NA,MM1301,STRIPER WESTERN SHIRT,K,M,8902358351624
MTV,SHIRTS,NA,MM1301,STRIPER WESTERN SHIRT,K,XL,8902358351648
MTV,SHIRTS,NA,MM1301,STRIPER WESTERN SHIRT,L,L,8902358351679
MTV,SHIRTS,NA,MM1301,STRIPER WESTERN SHIRT,L,M,8902358351662
MTV,SHIRTS,NA,MM1301,STRIPER WESTERN SHIRT,L,S,8902358351655
MTV,SHIRTS,NA,MM1301,STRIPER WESTERN SHIRT,U,L,8902358351556
MTV,SHIRTS,NA,MM1301,STRIPER WESTERN SHIRT,U,M,8902358351549
MTV,SHIRTS,NA,MM1301,STRIPER WESTERN SHIRT,U,XL,8902358351563
MTV,SHIRTS,NA,MM1303,FLORAL PRINTED HALF-SLEEVE SHI,G,L,8902358356025
MTV,SHIRTS,NA,MM1303,FLORAL PRINTED HALF-SLEEVE SHI,L,L,8902358356100
MTV,SHIRTS,NA,MM1303,FLORAL PRINTED HALF-SLEEVE SHI,L,M,8902358356094
MTV,SHIRTS,NA,MM1303,FLORAL PRINTED HALF-SLEEVE SHI,L,XL,8902358356117
MTV,SHIRTS,NA,MM1303,FLORAL PRINTED HALF-SLEEVE SHI,T,XL,8902358356070
MTV,SHIRTS,NA,MM1304,STRIPE DOBBY,H,L,8902358344374
MTV,SHIRTS,NA,MM1304,STRIPE DOBBY,H,S,8902358344350
MTV,SHIRTS,NA,MM1304,STRIPE DOBBY,H,XL,8902358344381
MTV,SHIRTS,NA,MM1304,STRIPE DOBBY,L,M,8902358344299
MTV,SHIRTS,NA,MM1304,STRIPE DOBBY,U,XL,8902358344275
MTV,POLOS,NA,MM1306,LIGHT WEIGHT CANVAS POLO,K,S,8902358346583
MTV,SHIRTS,NA,MM1307,SELF DOBBY STRIPER,G,L,8902358356308
MTV,SHIRTS,NA,MM1307,SELF DOBBY STRIPER,G,M,8902358356292
MTV,SHIRTS,NA,MM1307,SELF DOBBY STRIPER,G,S,8902358356285
MTV,SHIRTS,NA,MM1307,SELF DOBBY STRIPER,G,XL,8902358356315
MTV,SHIRTS,NA,MM1307,SELF DOBBY STRIPER,T,L,8902358356261
MTV,SHIRTS,NA,MM1307,SELF DOBBY STRIPER,T,M,8902358356254
MTV,SHIRTS,NA,MM1307,SELF DOBBY STRIPER,T,XL,8902358356278
MTV,SHIRTS,NA,MM1307,SELF DOBBY STRIPER,V,S,8902358356322
MTV,SHIRTS,NA,MM1307,SELF DOBBY STRIPER,V,XL,8902358356353
MTV,SHIRTS,NA,MM1309,KNIT TRIM SPORT SHIRT,C,M,8902358356414
MTV,SHIRTS,NA,MM1309,KNIT TRIM SPORT SHIRT,C,S,8902358356407
MTV,SHIRTS,NA,MM1309,KNIT TRIM SPORT SHIRT,C,XL,8902358356438
MTV,SHIRTS,NA,MM1309,KNIT TRIM SPORT SHIRT,G,L,8902358356384
MTV,SHIRTS,NA,MM1309,KNIT TRIM SPORT SHIRT,G,M,8902358356377
MTV,SHIRTS,NA,MM1312,TWILL TAPE ENGIENERED SHIRT,H,M,8902358347078
MTV,SHIRTS,NA,MM1312,TWILL TAPE ENGIENERED SHIRT,H,S,8902358347061
MTV,SHIRTS,NA,MM1312,TWILL TAPE ENGIENERED SHIRT,H,XL,8902358347092
MTV,SHIRTS,NA,MM1312,TWILL TAPE ENGIENERED SHIRT,J,L,8902358347047
MTV,SHIRTS,NA,MM1312,TWILL TAPE ENGIENERED SHIRT,J,M,8902358347030
MTV,SHIRTS,NA,MM1312,TWILL TAPE ENGIENERED SHIRT,J,XL,8902358347054
MTV,SHIRTS,NA,MM1312,TWILL TAPE ENGIENERED SHIRT,N,S,8902358347146
MTV,SHIRTS,NA,MM1313,MINI FLORAL PRINTED  SHIRT,R,L,8902358356582
MTV,SHIRTS,NA,MM1313,MINI FLORAL PRINTED  SHIRT,R,M,8902358356575
MTV,SHIRTS,NA,MM1313,MINI FLORAL PRINTED  SHIRT,U,XL,8902358356513
MTV,SHIRTS,NA,MM1315,MINI FLORAL PRINTED  SHIRT,N,L,8902358356629
MTV,SHIRTS,NA,MM1315,MINI FLORAL PRINTED  SHIRT,N,M,8902358356612
MTV,SHIRTS,NA,MM1315,MINI FLORAL PRINTED  SHIRT,N,S,8902358356605
MTV,SHIRTS,NA,MM1316,WASHED LINEN,N,L,8902358357879
MTV,SHIRTS,NA,MM1316,WASHED LINEN,N,M,8902358357862
MTV,SHIRTS,NA,MM1316,WASHED LINEN,N,S,8902358357855
MTV,SHIRTS,NA,MM1316,WASHED LINEN,N,XL,8902358357886
MTV,SHIRTS,NA,MM1317,LINEN SIDE SEAM PANEL SHIRT,H,L,8902358344619
MTV,SHIRTS,NA,MM1317,LINEN SIDE SEAM PANEL SHIRT,H,M,8902358344602
MTV,SHIRTS,NA,MM1317,LINEN SIDE SEAM PANEL SHIRT,H,S,8902358344596
MTV,SHIRTS,NA,MM1317,LINEN SIDE SEAM PANEL SHIRT,Q,L,8902358344732
MTV,SHIRTS,NA,MM1317,LINEN SIDE SEAM PANEL SHIRT,Q,M,8902358344725
MTV,SHIRTS,NA,MM1317,LINEN SIDE SEAM PANEL SHIRT,Q,XL,8902358344749
MTV,SHIRTS,NA,MM1317,LINEN SIDE SEAM PANEL SHIRT,U,L,8902358344572
MTV,SHIRTS,NA,MM1317,LINEN SIDE SEAM PANEL SHIRT,U,M,8902358344565
MTV,SHIRTS,NA,MM1317,LINEN SIDE SEAM PANEL SHIRT,U,S,8902358344558
MTV,SHIRTS,NA,MM1317,LINEN SIDE SEAM PANEL SHIRT,U,XL,8902358344589
MTV,SHIRTS,NA,MM1319,STRIPE AND CHECK COMBO,U,M,8902358344855
MTV,SHIRTS,NA,MM1319,STRIPE AND CHECK COMBO,U,XL,8902358344879
MTV,SHORTS,NA,MM1330,CARGO SHORTS,D,32,8902358351730
MTV,SHORTS,NA,MM1330,CARGO SHORTS,Q,32,8902358351785
MTV,SHORTS,NA,MM1330,CARGO SHORTS,Q,30,8902358351457
MTV,SHORTS,NA,MM1330,CARGO SHORTS,Q,28,8902358351778
MTV,3 QUARTERS,NA,MM1331,PEACHED DYED 3/4TH CARGOS,J,32,8902358351914
MTV,3 QUARTERS,NA,MM1331,PEACHED DYED 3/4TH CARGOS,J,30,8902358351907
MTV,3 QUARTERS,NA,MM1331,PEACHED DYED 3/4TH CARGOS,J,28,8902358351891
MTV,3 QUARTERS,NA,MM1331,PEACHED DYED 3/4TH CARGOS,Q,32,8902358351990
MTV,3 QUARTERS,NA,MM1331,PEACHED DYED 3/4TH CARGOS,U,32,8902358351877
MTV,3 QUARTERS,NA,MM1331,PEACHED DYED 3/4TH CARGOS,W,32,8902358351839
MTV,3 QUARTERS,NA,MM1331,PEACHED DYED 3/4TH CARGOS,W,28,8902358351815
MTV,TROUSERS,NA,MM1333,COTTON LINEN PYJAMAS,K,30,8902358344992
MTV,TROUSERS,NA,MM1333,COTTON LINEN PYJAMAS,K,28,8902358344985
MTV,CARGOS,NA,MM1334,RIPSTOP COTTON CARGOS,D,32,8902358345487
MTV,CARGOS,NA,MM1334,RIPSTOP COTTON CARGOS,D,30,8902358345470
MTV,CARGOS,NA,MM1334,RIPSTOP COTTON CARGOS,J,32,8902358345449
MTV,CARGOS,NA,MM1334,RIPSTOP COTTON CARGOS,J,28,8902358345425
MTV,CARGOS,NA,MM1334,RIPSTOP COTTON CARGOS,J,34,8902358345456
MTV,CARGOS,NA,MM1334,RIPSTOP COTTON CARGOS,K,32,8902358345524
MTV,CARGOS,NA,MM1334,RIPSTOP COTTON CARGOS,K,34,8902358345531
MTV,CARGOS,NA,MM1336,TUSSORE CARGOS,Q,34,8902358355677
MTV,CARGOS,NA,MM1340,LINEN CARGO JAMAS,H,30,8902358345593
MTV,TROUSERS,NA,MM1341,PC TUSSORE BASICS,B,32,8902358346286
MTV,TROUSERS,NA,MM1341,PC TUSSORE BASICS,B,34,8902358346293
MTV,TROUSERS,NA,MM1341,PC TUSSORE BASICS,J,32,8902358346248
MTV,TROUSERS,NA,MM1341,PC TUSSORE BASICS,J,30,8902358346231
MTV,TROUSERS,NA,MM1341,PC TUSSORE BASICS,J,34,8902358346255
MTV,TROUSERS,NA,MM1342,TAPPERED SIDE SEAM TROUSERS,D,32,8902358358234
MTV,TROUSERS,NA,MM1342,TAPPERED SIDE SEAM TROUSERS,D,34,8902358358241
MTV,TROUSERS,NA,MM1342,TAPPERED SIDE SEAM TROUSERS,H,32,8902358358159
MTV,TROUSERS,NA,MM1342,TAPPERED SIDE SEAM TROUSERS,H,30,8902358358142
MTV,TROUSERS,NA,MM1342,TAPPERED SIDE SEAM TROUSERS,N,30,8902358358180
MTV,3 QUARTERS,NA,MM1344,CANVAS 3/4 TH CARGOS,K,32,8902358346323
MTV,3 QUARTERS,NA,MM1344,CANVAS 3/4 TH CARGOS,K,30,8902358346316
MTV,3 QUARTERS,NA,MM1344,CANVAS 3/4 TH CARGOS,K,28,8902358346309
MTV,3 QUARTERS,NA,MM1344,CANVAS 3/4 TH CARGOS,Q,32,8902358346361
MTV,3 QUARTERS,NA,MM1344,CANVAS 3/4 TH CARGOS,Q,28,8902358346347
MTV,TROUSERS,NA,MM1346,COTTON NYLON PYJAMAS,K,32,8902358345685
MTV,TROUSERS,NA,MM1346,COTTON NYLON PYJAMAS,K,30,8902358345678
MTV,TROUSERS,NA,MM1346,COTTON NYLON PYJAMAS,K,28,8902358345661
MTV,TROUSERS,NA,MM1347,COTTON LINEN PYJAMAS,Q,32,8902358345883
MTV,SHORTS,NA,MM1348,CANVAS CARGO SHORTS,D,32,8902358345166
MTV,SHORTS,NA,MM1348,CANVAS CARGO SHORTS,J,32,8902358345241
MTV,SHORTS,NA,MM1348,CANVAS CARGO SHORTS,J,30,8902358345234
MTV,SHORTS,NA,MM1348,CANVAS CARGO SHORTS,J,28,8902358345227
MTV,SHORTS,NA,MM1348,CANVAS CARGO SHORTS,J,34,8902358345258
MTV,SHORTS,NA,MM1348,CANVAS CARGO SHORTS,K,32,8902358345289
MTV,SHORTS,NA,MM1348,CANVAS CARGO SHORTS,K,30,8902358345272
MTV,SHORTS,NA,MM1348,CANVAS CARGO SHORTS,K,34,8902358345296
MTV,SHORTS,NA,MM1348,CANVAS CARGO SHORTS,N,32,8902358345128
MTV,SHORTS,NA,MM1348,CANVAS CARGO SHORTS,N,30,8902358345111
MTV,SHORTS,NA,MM1348,CANVAS CARGO SHORTS,N,28,8902358345104
MTV,SHORTS,NA,MM1348,CANVAS CARGO SHORTS,N,34,8902358345135
MTV,POLOS,NA,MM1349,NARROW STRIPES  POLO PIQUE,A,L,8902358355332
MTV,POLOS,NA,MM1349,NARROW STRIPES  POLO PIQUE,F,L,8902358355271
MTV,POLOS,NA,MM1349,NARROW STRIPES  POLO PIQUE,F,M,8902358355264
MTV,POLOS,NA,MM1349,NARROW STRIPES  POLO PIQUE,I,L,8902358355363
MTV,POLOS,NA,MM1349,NARROW STRIPES  POLO PIQUE,M,L,8902358355301
MTV,POLOS,NA,MM1349,NARROW STRIPES  POLO PIQUE,M,M,8902358355295
MTV,POLOS,NA,MM1350,S/SLV LAYERED POLO,F,L,8902358350290
MTV,POLOS,NA,MM1350,S/SLV LAYERED POLO,H,L,8902358350320
MTV,POLOS,NA,MM1350,S/SLV LAYERED POLO,K,M,8902358350344
MTV,POLOS,NA,MM1350,S/SLV LAYERED POLO,U,L,8902358350269
MTV,POLOS,NA,MM1351,S/SLV HINDI NO. PRINT POLO,A,L,8902358342875
MTV,POLOS,NA,MM1351,S/SLV HINDI NO. PRINT POLO,L,L,8902358342844
MTV,POLOS,NA,MM1351,S/SLV HINDI NO. PRINT POLO,L,M,8902358342837
MTV,POLOS,NA,MM1351,S/SLV HINDI NO. PRINT POLO,N,S,8902358342790
MTV,POLOS,NA,MM1352,S/SLV  POLO PKT PRINT DETAIL,O,M,8902358343025
MTV,POLOS,NA,MM1353,SOFT COLLAR POLO PLACEMENT PRI,I,M,8902358350405
MTV,POLOS,NA,MM1353,SOFT COLLAR POLO PLACEMENT PRI,I,S,8902358350399
MTV,POLOS,NA,MM1353,SOFT COLLAR POLO PLACEMENT PRI,N,L,8902358350382
MTV,POLOS,NA,MM1353,SOFT COLLAR POLO PLACEMENT PRI,N,M,8902358350375
MTV,POLOS,NA,MM1354,BROAD STRIPES  POLO PIQUE,A,L,8902358355424
MTV,POLOS,NA,MM1354,BROAD STRIPES  POLO PIQUE,Q,L,8902358355486
MTV,TEES,NA,MM1359,CONTRAST SHLD. TWILL TAPE WITH,C,L,8902358342561
MTV,TEES,NA,MM1359,CONTRAST SHLD. TWILL TAPE WITH,C,M,8902358342554
MTV,TEES,NA,MM1359,CONTRAST SHLD. TWILL TAPE WITH,F,M,8902358342523
MTV,TEES,NA,MM1359,CONTRAST SHLD. TWILL TAPE WITH,H,L,8902358342592
MTV,TEES,NA,MM1359,CONTRAST SHLD. TWILL TAPE WITH,H,M,8902358342585
MTV,TEES,NA,MM1360,V- NECK WITH CONTRAST LAYERED,C,M,8902358343360
MTV,TEES,NA,MM1360,V- NECK WITH CONTRAST LAYERED,O,L,8902358343346
MTV,TEES,NA,MM1360,V- NECK WITH CONTRAST LAYERED,O,M,8902358343339
MTV,TEES,NA,MM1360,V- NECK WITH CONTRAST LAYERED,R,L,8902358343407
MTV,TEES,NA,MM1361,CONTRAST DISTRESS PANEL ON SHO,U,M,8902358350641
MTV,TEES,NA,MM1362,CONTRAST RIB CHEST PRINT TEE,C,M,8902358342684
MTV,TEES,NA,MM1362,CONTRAST RIB CHEST PRINT TEE,O,L,8902358342660
MTV,TEES,NA,MM1363,APPLIQU_ FLOWER PRINT WITH SAD,H,M,8902358342745
MTV,TEES,NA,MM1364,MULTICOLOR CHAIN STITCH ON SHO,G,L,8902358350740
MTV,TEES,NA,MM1367,ASYMMETRICAL CUT N SEW WITH PI,L,L,8902358350832
MTV,TEES,NA,MM1367,ASYMMETRICAL CUT N SEW WITH PI,R,M,8902358350887
MTV,TEES,NA,MM1367,ASYMMETRICAL CUT N SEW WITH PI,U,M,8902358350856
MTV,TEES,NA,MM1368,FEATHER TEE WITH MONO COLOUR P,C,M,8902358350979
MTV,TEES,NA,MM1368,FEATHER TEE WITH MONO COLOUR P,O,L,8902358350924
MTV,TEES,NA,MM1368,FEATHER TEE WITH MONO COLOUR P,O,M,8902358350917
MTV,TEES,NA,MM1368,FEATHER TEE WITH MONO COLOUR P,R,M,8902358350948
MTV,TEES,NA,MM1370,CUT N SEW PRINTED SURF TEE,F,M,8902358343643
MTV,TEES,NA,MM1370,CUT N SEW PRINTED SURF TEE,U,M,8902358343704
MTV,TEES,NA,MM1371,SHOULDER PANEL M_LANGE,U,S,8902358351082
MTV,TEES,NA,MM1373,45 NO. APPLIQU_ WITH RAW EDGES,G,L,8902358351228
MTV,TEES,NA,MM1374,TWILL TAPE ON SLEEVES WITH 96,A,L,8902358342431
MTV,TEES,NA,MM1375,RED INDIAN,A,M,8902358351303
MTV,TEES,NA,MM1375,RED INDIAN,Y,L,8902358351341
MTV,TEES,NA,MM1376,CREEPER EMB N PRINT TEE,G,L,8902358351372
MTV,TEES,NA,MM1376,CREEPER EMB N PRINT TEE,G,M,8902358351365
MTV,TEES,NA,MM1376,CREEPER EMB N PRINT TEE,W,M,8902358351396
MTV,SHIRTS,NA,MW0595,REVERSIBLE SHIRT,I,L,8902358279812
MTV,TROUSERS,NA,MW1220,WOOL STRETCH GAPFIT,D,28,8902358339080
MTV,TROUSERS,NA,MW1220,WOOL STRETCH GAPFIT,D,26,8902358339073
MTV,TROUSERS,NA,MW1220,WOOL STRETCH GAPFIT,D,32,8902358339103
MTV,TROUSERS,NA,MW1221,BOOT CUT WITH BUTTON DETAILS,N,30,8902358339134
MTV,SHIRTS,NA,MW1300,LINEN TOP WITH CONCEALED PLACK,G,L,8902358343865
MTV,SHIRTS,NA,MW1300,LINEN TOP WITH CONCEALED PLACK,G,M,8902358343858
MTV,SHIRTS,NA,MW1300,LINEN TOP WITH CONCEALED PLACK,N,L,8902358343834
MTV,SHIRTS,NA,MW1300,LINEN TOP WITH CONCEALED PLACK,N,M,8902358343827
MTV,SHIRTS,NA,MW1300,LINEN TOP WITH CONCEALED PLACK,N,S,8902358343810
MTV,SHIRTS,NA,MW1303,WASHED H/S CARGO SHIRT,J,30,8902358347566
MTV,SHIRTS,NA,MW1303,WASHED H/S CARGO SHIRT,J,28,8902358347559
MTV,SHIRTS,NA,MW1303,WASHED H/S CARGO SHIRT,W,28,8902358347528
MTV,SHIRTS,NA,MW1306,EMBROIDERED  TOP WITH 3/4TH SL,L,L,8902358347719
MTV,SHIRTS,NA,MW1306,EMBROIDERED  TOP WITH 3/4TH SL,R,M,8902358347672
MTV,SHIRTS,NA,MW1308,H/S SPORTY TOP WITH CUT N SEW,P,L,8902358347863
MTV,SHIRTS,NA,MW1308,H/S SPORTY TOP WITH CUT N SEW,P,M,8902358347856
MTV,SHIRTS,NA,MW1308,H/S SPORTY TOP WITH CUT N SEW,W,S,8902358347818
MTV,SHIRTS,NA,MW1310,RUFFLED TOP WITH LINING,T,M,8902358344466
MTV,SHIRTS,NA,MW1311,BABYDOLL TOP WITH BUTTERFLY SL,L,L,8902358344831
MTV,SHIRTS,NA,MW1311,BABYDOLL TOP WITH BUTTERFLY SL,T,L,8902358344770
MTV,SHIRTS,NA,MW1311,BABYDOLL TOP WITH BUTTERFLY SL,T,M,8902358344763
MTV,SHIRTS,NA,MW1311,BABYDOLL TOP WITH BUTTERFLY SL,Y,M,8902358344534
MTV,SHIRTS,NA,MW1311,BABYDOLL TOP WITH BUTTERFLY SL,Y,S,8902358344527
MTV,SHIRTS,NA,MW1313,H/S TOP WITH DIAGONAL PIN TUCK,W,L,8902358344947
MTV,SHIRTS,NA,MW1315,PRINTED WESTERN STYLE TOP,G,S,8902358347962
MTV,SHIRTS,NA,MW1315,PRINTED WESTERN STYLE TOP,P,A,8902358360442
MTV,SHIRTS,NA,MW1315,PRINTED WESTERN STYLE TOP,P,S,8902358347900
MTV,SHIRTS,NA,MW1316,SLV/LESS EMBROIDERED TOP,R,L,8902358348044
MTV,SHIRTS,NA,MW1316,SLV/LESS EMBROIDERED TOP,R,M,8902358348037
MTV,TEES,NA,MW1330,H/S CREWNECK TEE W/ PRINT + EM,F,M,8902358341502
MTV,TEES,NA,MW1330,H/S CREWNECK TEE W/ PRINT + EM,F,S,8902358341496
MTV,TEES,NA,MW1333,H/S COLLARED TEE W/ CROCHET ED,B,A,8902358354090
MTV,TEES,NA,MW1333,H/S COLLARED TEE W/ CROCHET ED,B,M,8902358354113
MTV,TEES,NA,MW1333,H/S COLLARED TEE W/ CROCHET ED,B,S,8902358354106
MTV,TEES,NA,MW1335,H/S TEE WITH LAYERING,P,A,8902358341564
MTV,TEES,NA,MW1335,H/S TEE WITH LAYERING,P,M,8902358341588
MTV,TEES,NA,MW1335,H/S TEE WITH LAYERING,P,S,8902358341571
MTV,TEES,NA,MW1335,H/S TEE WITH LAYERING,T,A,8902358341601
MTV,TEES,NA,MW1335,H/S TEE WITH LAYERING,T,M,8902358341625
MTV,TEES,NA,MW1335,H/S TEE WITH LAYERING,T,S,8902358341618
MTV,TEES,NA,MW1337,H/S TEE WITH MULTICOLORED RIB,W,M,8902358349225
MTV,TEES,NA,MW1337,H/S TEE WITH MULTICOLORED RIB,W,S,8902358349218
MTV,POLOS,NA,MW1338,H/S POLO TEE,F,A,8902358349324
MTV,POLOS,NA,MW1338,H/S POLO TEE,F,S,8902358349331
MTV,POLOS,NA,MW1338,H/S POLO TEE,P,A,8902358349287
MTV,POLOS,NA,MW1338,H/S POLO TEE,P,M,8902358349300
MTV,POLOS,NA,MW1338,H/S POLO TEE,P,S,8902358349294
MTV,POLOS,NA,MW1338,H/S POLO TEE,W,A,8902358349485
MTV,POLOS,NA,MW1340,H/S STRIPER POLO TEE,F,A,8902358354335
MTV,POLOS,NA,MW1340,H/S STRIPER POLO TEE,F,M,8902358354359
MTV,POLOS,NA,MW1340,H/S STRIPER POLO TEE,F,S,8902358354342
MTV,POLOS,NA,MW1340,H/S STRIPER POLO TEE,M,A,8902358354458
MTV,POLOS,NA,MW1340,H/S STRIPER POLO TEE,M,M,8902358354472
MTV,SHIRTS,NA,MW1341,STRIPER SPAGHETTI STRAP TOP,R,M,8902358354519
MTV,SHIRTS,NA,MW1341,STRIPER SPAGHETTI STRAP TOP,R,S,8902358354502
MTV,TEES,NA,MW1344,H/S TEE WITH SLASHED RAGLAN PA,C,A,8902358341649
MTV,TEES,NA,MW1344,H/S TEE WITH SLASHED RAGLAN PA,C,M,8902358341663
MTV,TEES,NA,MW1344,H/S TEE WITH SLASHED RAGLAN PA,C,S,8902358341656
MTV,TEES,NA,MW1347,H/S TEE WITH ROSE EMBROIDERY,B,A,8902358354694
MTV,TEES,NA,MW1347,H/S TEE WITH ROSE EMBROIDERY,B,S,8902358354700
MTV,TEES,NA,MW1349,SLEEVELESS TEE W/ MANDARIN COL,B,A,8902358349683
MTV,TEES,NA,MW1349,SLEEVELESS TEE W/ MANDARIN COL,B,M,8902358349706
MTV,TEES,NA,MW1349,SLEEVELESS TEE W/ MANDARIN COL,B,S,8902358349690
MTV,SKIRTS,NA,MW1350,CORDUROY PLEATED SKIRT,N,30,8902358342394
MTV,SKIRTS,NA,MW1350,CORDUROY PLEATED SKIRT,N,28,8902358342387
MTV,SKIRTS,NA,MW1350,CORDUROY PLEATED SKIRT,N,32,8902358342400
MTV,SHORTS,NA,MW1352,TURN UP UTILITY SHORTS,R,30,8902358348143
MTV,SHORTS,NA,MW1352,TURN UP UTILITY SHORTS,R,28,8902358348136
MTV,SHORTS,NA,MW1352,TURN UP UTILITY SHORTS,R,26,8902358348129
MTV,SHORTS,NA,MW1352,TURN UP UTILITY SHORTS,R,32,8902358348150
MTV,3 QUARTERS,NA,MW1354,BASIC WASHED CAPRIS,C,28,8902358348419
MTV,3 QUARTERS,NA,MW1354,BASIC WASHED CAPRIS,C,32,8902358348433
MTV,3 QUARTERS,NA,MW1355,TURN UP FLORAL CAPRIS,A,28,8902358357220
MTV,3 QUARTERS,NA,MW1355,TURN UP FLORAL CAPRIS,O,30,8902358357190
MTV,3 QUARTERS,NA,MW1355,TURN UP FLORAL CAPRIS,O,26,8902358357176
MTV,3 QUARTERS,NA,MW1356,BASIC CAPRIS,P,28,8902358348532
MTV,3 QUARTERS,NA,MW1356,BASIC CAPRIS,P,26,8902358348525
MTV,3 QUARTERS,NA,MW1360,WASHED COTTON NYLON 3/4TH CARG,H,30,8902358343162
MTV,3 QUARTERS,NA,MW1360,WASHED COTTON NYLON 3/4TH CARG,H,28,8902358343155
MTV,3 QUARTERS,NA,MW1360,WASHED COTTON NYLON 3/4TH CARG,H,26,8902358343148
MTV,3 QUARTERS,NA,MW1360,WASHED COTTON NYLON 3/4TH CARG,H,32,8902358343179
MTV,TROUSERS,REGULAR FIT,MW1362,BASIC REGULAR FIT TROUSERS,B,28,8902358357589
MTV,TEES,NA,MW1380,H/S BASIC STRETCH TEE,R,A,8902358354854
MTV,TEES,NA,MW1380,H/S BASIC STRETCH TEE,R,M,8902358354878
MTV,TEES,NA,MW1380,H/S BASIC STRETCH TEE,T,A,8902358354816
MTV,TEES,NA,MW1380,H/S BASIC STRETCH TEE,T,M,8902358354830
MTV,TEES,NA,MW1381,H/S TEE W/ SHOULDER PRINT,C,A,8902358341922
MTV,TEES,NA,MW1381,H/S TEE W/ SHOULDER PRINT,C,M,8902358341946
MTV,TEES,NA,MW1381,H/S TEE W/ SHOULDER PRINT,C,S,8902358341939
MTV,TEES,NA,MW1383,SINGLET TEE WITH FRONT EMBROID,R,A,8902358342042
MTV,TEES,NA,MW1383,SINGLET TEE WITH FRONT EMBROID,R,M,8902358342066
MTV,TEES,NA,MW1383,SINGLET TEE WITH FRONT EMBROID,R,S,8902358342059
MTV,TEES,NA,MW1386,H/S FOLK FLORAL EMBROIDERY W/B,Q,A,8902358342127
MTV,TEES,NA,MW1386,H/S FOLK FLORAL EMBROIDERY W/B,Q,M,8902358342141
MTV,TEES,NA,MW1386,H/S FOLK FLORAL EMBROIDERY W/B,Q,S,8902358342134
MTV,TEES,NA,MW1386,H/S FOLK FLORAL EMBROIDERY W/B,T,A,8902358342240
MTV,TEES,NA,MW1386,H/S FOLK FLORAL EMBROIDERY W/B,T,M,8902358342264
MTV,TRACKPANTS,NA,MW1389,TRACK BOTTOMS WITH BELT,A,30,8902358355233
MTV,TRACKPANTS,NA,MW1389,TRACK BOTTOMS WITH BELT,A,28,8902358355226
NIKE,SINGLES,NA,SX1066,F4 INDIA MENS COTTON SWSH PED,10,L,91208500126
NIKE,SINGLES,NA,SX1066,F4 INDIA MENS COTTON SWSH PED,50,L,91208500119
NIKE,SINGLES,NA,SX1066,F4 INDIA MENS COTTON SWSH PED,100,L,91208500133
NIKE,SINGLES,NA,SX1067,F4 INDIA MENS SWOOSH QUARTER,100,L,91208500362
NIKE,SINGLES,NA,SX1608,U6 WOMENS LOW CUT COMPONENTS,425,S,884776930460
NIKE,SINGLES,NA,SX1609,U6 NIKE CLASSIC LOW CUT,10,M,884776921864
NIKE,SINGLES,NA,SX1609,U6 NIKE CLASSIC LOW CUT,96,M,884776921949
NIKE,PANTS,NA,139719,CTTN JERSEY OPEN HEM PANT,10,M,884802705789
NIKE,PANTS,NA,139719,CTTN JERSEY OPEN HEM PANT,63,L,666032994061
NIKE,TEES,NA,139725,AS WORLD CLASS SS T,611,L,666032995563
NIKE,TEES,NA,139725,AS WORLD CLASS SS T,611,S,666032995549
NIKE,PANTS,NA,142849,KNIT PANT,63,S,884751889561
NIKE,PANTS,NA,142849,KNIT PANT,473,L,884751889639
NIKE,PANTS,NA,142849,KNIT PANT,473,M,884751889622
NIKE,TEES,NA,143123,AS NCL SS JERSEY TEE,451,S,884751904110
NIKE,SHORTS,NA,143144,AS FD NEW JERSEY KNIT SHORT,10,S,884751909498
NIKE,TEES,NA,179857,AS  NS PROPERTY SS RELX,110,S,640135455520
NIKE,TEES,NA,179857,AS  NS PROPERTY SS RELX,420,S,640135455582
NIKE,POLOS,NA,197116,NIKE SPORT MEN POLO,100,M,685068172748
NIKE,POLOS,NA,293811,AS NEW POLO,64,S,826218716508
NIKE,POLOS,NA,293811,AS NEW POLO,64,XL,826218716539
NIKE,POLOS,NA,293811,S NEW POLO,102,M,826218716553
NIKE,POLOS,NA,293811,AS NEW POLO,474,S,826218716669
NIKE,SLEEVELESS,NA,602409,AS PLANET FOOTBALL TANK TOP,703,XL,91202551179
NIKE,TEES,NA,602412,AS SMOKE GRASS SS TEE,100,L,91202553135
NIKE,TEES,NA,650591,AS CAMPUS BOOK STORE SS,100,L,91205893191
NIKE,TEES,NA,650591,AS CAMPUS BOOK STORE SS,100,M,91205893184
NIKE,TEES,NA,650591,AS CAMPUS BOOK STORE SS,310,M,91205893238
NIKE,TRACKPANTS,NA,297557,AS CTN JSY KNIT PANT,10,M,666032370520
NIKE,TRACKPANTS,NA,297557,AS CTN JSY KNIT PANT,63,XL,666032371268
NIKE,POLOS,NA,178839,AS SUMMER POLO,411,M,640135439469
NIKE,SHORTS,NA,198936,AS TT DF WOVEN SHORT W BRIEF,461,M,91202952525
NIKE,BASKETBALL,NA,311326,THE OVERPLAY II,3,9,91209876169
NIKE,RUNNING,NA,311343,VERVE PRO,1,8,884776664839
NIKE,RUNNING,NA,311409,DART III (WIDE),142,10,884776398529
NIKE,RUNNING,NA,311409,DART III (WIDE),142,11,884776398543
NIKE,RUNNING,NA,311409,DART III (WIDE),142,12,884776398567
NIKE,TENNIS,NA,311767,FINAL SET,111,11,884776137906
NIKE,TENNIS,NA,311767,FINAL SET,111,9,884776137869
NIKE,RUNNING,NA,311780,DASH PLUS,3,10,884776138286
NIKE,RUNNING,NA,311780,DASH PLUS,3,11,884776138293
NIKE,RUNNING,NA,311780,DASH PLUS,11,10,884776138361
NIKE,RUNNING,NA,311780,DASH PLUS,11,11,884776138378
NIKE,RUNNING,NA,311780,DASH PLUS,11,12,884776138385
NIKE,RUNNING,NA,311780,DASH PLUS,11,8,884776138347
NIKE,RUNNING,NA,311780,DASH PLUS,11,9,884776138354
NIKE,RUNNING,NA,311960,AIR SUPERFECTA,1,10,91204858184
NIKE,RUNNING,NA,312158,WMNS HEATHROW,1,8.5,884776310736
NIKE,TRAINING,NA,312303,EFFECTIVE TRAINER,1,10,91202527785
NIKE,TRAINING,NA,312303,EFFECTIVE TRAINER,1,11,91202527808
NIKE,TRAINING,NA,312303,EFFECTIVE TRAINER,1,12,91202530549
NIKE,TRAINING,NA,312303,EFFECTIVE TRAINER,1,8,91202527693
NIKE,TRAINING,NA,312303,EFFECTIVE TRAINER,1,9,91202527761
NIKE,RUNNING,NA,312305,DISPATCH,441,9,820652312845
NIKE,RUNNING,NA,312306,VEHEMENCE EMB,141,10,884751800337
NIKE,RUNNING,NA,312306,VEHEMENCE EMB,141,8,884751800290
NIKE,RUNNING,NA,312306,VEHEMENCE EMB,141,9,884751800313
NIKE,RUNNING,NA,312307,WMNS VEHEMENCE EMB,31,6.5,884751800924
NIKE,RUNNING,NA,312307,WMNS VEHEMENCE EMB,31,7.5,884751800948
NIKE,RUNNING,NA,312307,WMNS VEHEMENCE EMB,31,8.5,884751800962
NIKE,RUNNING,NA,312307,WMNS VEHEMENCE,61,6.5,884776138576
NIKE,RUNNING,NA,312307,WMNS VEHEMENCE,61,7.5,884776138590
NIKE,RUNNING,NA,312307,WMNS VEHEMENCE,61,8.5,884776138613
NIKE,RUNNING,NA,312345,VERVE,411,12,640135372940
NIKE,SWIM,NA,312618,BENASSI SWOOSH,401,9,91209941942
NIKE,RUNNING,NA,312880,AIR VALIDUS IS,441,8,91203766756
NIKE,RUNNING,NA,313132,NESKOWIN,41,10,884776176226
NIKE,RUNNING,NA,313132,NESKOWIN,41,8,884776176189
NIKE,RUNNING,NA,313132,NESKOWIN,41,9,884776176202
NIKE,TRAINING,NA,313135,REEDSPORT,111,10,884776176899
NIKE,TRAINING,NA,313135,REEDSPORT,111,11,884776176912
NIKE,TRAINING,NA,313135,REEDSPORT,111,12,884776176936
NIKE,TRAINING,NA,313135,REEDSPORT,111,8,884776176851
NIKE,TRAINING,NA,313135,REEDSPORT,111,9,884776176875
NIKE,OUTDOOR,NA,314115,ALVEUS III,221,10,91203213427
NIKE,OUTDOOR,NA,314115,ALVEUS III,221,8,91203211676
NIKE,OUTDOOR,NA,314115,ALVEUS III,221,9,91203211690
NIKE,OUTDOOR,NA,314115,ALVEUS III,481,10,91203209918
NIKE,OUTDOOR,NA,314115,ALVEUS III,481,8,91203203107
NIKE,OUTDOOR,NA,314115,ALVEUS III,481,9,91203203121
NIKE,OUTDOOR,NA,314115,ALVEUS III,481,6.5,91203202001
NIKE,RUNNING,NA,311016,EMERGE PLUS,401,11,884726750865
NIKE,TRAINING,NA,312575,T-LITE IV LEATHER,4,12,884802994824
NIKE,RUNNING,NA,313767,DART IV,141,12,884802925118
REEBOK,RUNNING,NA,1-55544,Impact LP,NA,8,8901724003303
REEBOK,RUNNING,NA,1-77116,Blaze LP,NA,11,8901113125081
@EASE,SHIRTS,NA,PS0001,ASSORTED SHIRT,NA,40,910000100002
@EASE,SHIRTS,NA,PS0001,ASSORTED SHIRT,NA,39,910000100001
@EASE,SHIRTS,NA,PS0001,ASSORTED SHIRT,NA,44,910000100004
@EASE,SHIRTS,NA,PS0004,FAF ORANGE,ORANGE,40,910000400017
@EASE,SHIRTS,NA,PS0011,FAF D.BLUE,D. BLU,40,910001100052
@EASE,SHIRTS,NA,PS0013,542 B REG,NA,40,910001300066
@EASE,SHIRTS,NA,PS0018,602 B BROWN,BROWN,40,910001800076
@EASE,SHIRTS,NA,PS0019,EOE WHITE,WHITE,42,910001900080
@EASE,SHIRTS,NA,PS0019,EOE WHITE,WHITE,40,910001900079
@EASE,SHIRTS,NA,PS0019,EOE WHITE,WHITE,39,910001900078
@EASE,SHIRTS,NA,PS0020,EOE LT.GREEN,LT. GR,42,910002000083
@EASE,SHIRTS,NA,PS0020,EOE LT.GREEN,LT. GR,40,910002000082
@EASE,SHIRTS,NA,PS0025,POPLIN WHITE,WHITE,42,910002500098
@EASE,SHIRTS,NA,PS0025,POPLIN WHITE,WHITE,40,910002500097
@EASE,SHIRTS,NA,PS0025,POPLIN WHITE,WHITE,39,910002500096
@EASE,SHIRTS,NA,PS0028,OXFORD YELLOW,YELLOW,42,910002800107
@EASE,SHIRTS,NA,PS0031,DOBBY WHITE CHKS,WHITE,40,910003100115
@EASE,SHIRTS,NA,PS0036,100% COTTON SAND,SAND,42,910003600130
@EASE,SHIRTS,NA,PS0042,100% COTTON NAVY,NAVY,42,910004200148
@EASE,SHIRTS,NA,PS0051,100% COTTON BLUE,BLUE,44,910005100176
@EASE,SHIRTS,NA,PS0054,VB-2136-Cotton Blend,NA,40,910005400180
@EASE,SHIRTS,NA,PS0054,VB-2136-Cotton Blend,NA,42,910005400181
@EASE,SHIRTS,NA,PS0054,VB-2136-Cotton Blend,NA,44,910005400182
@EASE,SHIRTS,NA,PS0057,VB-3946-Cotton Blend,NA,42,910005700190
@EASE,SHIRTS,NA,PS0057,VB-3946-Cotton Blend,NA,44,910005700191
@EASE,SHIRTS,NA,PS0058,VB-5117-Cotton Blend,NA,42,910005800193
@EASE,SHIRTS,NA,PS0062,GTZ-15497-Cotton Blend,NA,40,910006200204
@EASE,SHIRTS,NA,PS0062,GTZ-15497-Cotton Blend,NA,44,910006200206
@EASE,SHIRTS,NA,PS0063,GTZ-14855-Cotton Blend,NA,44,910006300209
@EASE,SHIRTS,NA,PS0066,GTZ-14289-Cotton Blend,NA,40,910006600216
@EASE,SHIRTS,NA,PS0066,GTZ-14289-Cotton Blend,NA,42,910006600217
@EASE,SHIRTS,NA,PS0067,GTZ-20628-Cotton Blend,NA,42,910006700220
@EASE,SHIRTS,NA,PS0068,VB-6339-Cotton Blend,NA,40,910006800222
@EASE,SHIRTS,NA,PS0069,GTZ-20659-Cotton Blend,NA,42,910006900226
@EASE,SHIRTS,NA,PS0071,GTZ-12093-Cotton Blend,NA,44,910007100233
@EASE,SHIRTS,NA,PS0076,GTZ-20678-Cotton Blend,NA,44,910007600248
@EASE,SHIRTS,NA,PS0081,GTZ-18540-Cotton Blend,NA,40,910008100261
@EASE,SHIRTS,NA,PS0085,GTZ-14504-Cotton Blend,NA,40,910008500273
@EASE,SHIRTS,NA,PS0094,GTZ-18788-Cotton Blend,NA,40,910009400300
@EASE,SHIRTS,NA,PS0096,GTZ-18779-Cotton Blend,NA,40,910009600306
@EASE,SHIRTS,NA,PS0096,GTZ-18779-Cotton Blend,NA,42,910009600307
@EASE,SHIRTS,NA,PS0096,GTZ-18779-Cotton Blend,NA,44,910009600308
@EASE,SHIRTS,NA,PS0097,GTZ-14781-Cotton Blend,NA,40,910009700309
@EASE,SHIRTS,NA,PS0097,GTZ-14781-Cotton Blend,NA,42,910009700310
@EASE,SHIRTS,NA,PS0099,GTZ-16914-Cotton Blend,NA,40,910009900315
@EASE,SHIRTS,NA,PS0099,GTZ-16914-Cotton Blend,NA,42,910009900316
@EASE,SHIRTS,NA,PS0099,GTZ-16914-Cotton Blend,NA,44,910009900317
@EASE,SHIRTS,NA,PS0100,GTZ-20593-Cotton Blend,NA,42,910010000319
@EASE,SHIRTS,NA,PS0101,GTZ-18779-Cotton Blend,NA,40,910010100321
@EASE,SHIRTS,NA,PS0101,GTZ-18779-Cotton Blend,NA,44,910010100323
@EASE,SHIRTS,NA,PS0102,GTZ-19636-Cotton Blend,NA,42,910010200325
@EASE,SHIRTS,NA,PS0104,100% Cotton Stripes Lime Green,LIME G,40,910010300333
@EASE,SHIRTS,NA,PS0104,100% Cotton Stripes Lime Green,LIME G,42,910010400334
@EASE,SHIRTS,NA,PS0104,100% Cotton Stripes Lime Green,LIME G,44,910010400335
@EASE,SHIRTS,NA,PS0105,100% Cotton Stripes Brown,BROWN,42,910010500337
@EASE,SHIRTS,NA,PS0107,100% Cotton Stripes Ice Blue,ICE BL,42,910010700343
@EASE,SHIRTS,NA,PS0115,100% Cotton Stripes White,WHITE,42,910011500367
@EASE,SHIRTS,NA,PS0117,100% CottonPoplin ( Plain) Whi,WHITE,42,910011700373
@EASE,SHIRTS,NA,PS0131,100% CTN Ice Blue H/S,ICE BL,40,910013100411
@EASE,SHIRTS,NA,PS0145,100% CTN stripes Blue F/S,BLUE,42,910014500454
@EASE,SHIRTS,NA,PS0147,100% CTN Printed Blue H/S,BLUE,40,910014700459
@EASE,SHIRTS,NA,PS0147,100% CTN Printed Blue H/S,BLUE,42,910014700460
@EASE,SHIRTS,NA,PS0170,100% Cotton checks Blue F/S,BLUE,42,910017000529
@EASE,SHIRTS,NA,PS0173,100% Cotton Poplin ( Plain ) K,KHAKI,42,910017300538
@EASE,SHIRTS,NA,PS0174,100% Cotton  ( Plain ) Blue F/,BLUE,40,910017400540
@EASE,SHIRTS,NA,PS0179,100% Cotton (Plain ) Grey H/S,GREY,42,910017900556
@EASE,SHIRTS,NA,PS0179,100% Cotton (Plain ) Grey H/S,GREY,44,910017900557
@EASE,SHIRTS,NA,PS0180,100% Cotton (Plain ) Blue F/S,BLUE,44,910018000560
@EASE,SHIRTS,NA,PS0183,100% Cotton (Plain ) Blue F/S,BLUE,42,910018300568
@EASE,SHIRTS,NA,PS0184,100% Cotton (Plain ) Black H/S,BLACK,44,910018400572
@EASE,SHIRTS,NA,PS0191,100% Cotton( Plain ) White  H/,WHITE,40,910019100591
@EASE,SHIRTS,NA,PS0193,100% Cotton( Plain ) Grey H/S,GREY,44,910019300599
@EASE,SHIRTS,NA,PS0195,100% Cotton Strpes Orange H/S,ORANGE,40,910019500603
@EASE,SHIRTS,NA,PS0195,100% Cotton Strpes Orange H/S,ORANGE,44,910019500605
@EASE,SHIRTS,NA,PS0198,100% Cotton Strpes Blue H/S,BLUE,40,910019800612
@EASE,SHIRTS,NA,PS0204,100% Cotton Stripes H/S Blue,BLUE,42,910020400631
@EASE,SHIRTS,NA,PS0205,100% Cotton  strp shrt Grey F/,GREY,40,910020500634
@EASE,SHIRTS,NA,PS0205,100% Cotton  strp shrt Grey F/,GREY,42,910020500635
@EASE,SHIRTS,NA,PS0206,100% Cotton  strp shrt Olive F,OLIVE,39,910020600637
@EASE,SHIRTS,NA,PS0206,100% Cotton  strp shrt Olive F,OLIVE,40,910020600638
@EASE,SHIRTS,NA,PS0206,100% Cotton  strp shrt Olive F,OLIVE,44,910020600640
@EASE,SHIRTS,NA,PS0213,100% Cotton fil a fil Green F/,GREEN,42,910021300666
@EASE,SHIRTS,NA,PS0213,100% Cotton fil a fil Green F/,GREEN,44,910021300667
@EASE,SHIRTS,NA,PS0221,100% Cotton Dobby Stripes Whit,WHITE,42,910022100690
@EASE,SHIRTS,NA,PS0234,100% Cotton stripes Blue F/S,BLUE,40,910023400728
@EASE,SHIRTS,NA,PS0234,100% Cotton stripes Blue F/S,BLUE,42,910023400729
@EASE,SHIRTS,NA,PS0234,100% Cotton stripes Blue F/S,BLUE,44,910023400730
@EASE,SHIRTS,NA,PS0238,100 % CTN LT GRN & PINK CHKS,LT. GR,42,910023800742
@EASE,SHIRTS,NA,PS0238,100 % CTN LT GRN & PINK CHKS,LT. GR,39,910023800740
@EASE,SHIRTS,NA,PS0239,100 % CTN BRN & YELL CHKS  F /,BRN &,42,910023900746
@EASE,SHIRTS,NA,PS0239,100 % CTN BRN & YELL CHKS  F /,BRN &,40,910023900745
@EASE,SHIRTS,NA,PS0240,100 % CTN BL & CHRCOAL CHKS  F,BLACK/,40,910024000749
@EASE,SHIRTS,NA,PS0243,100 % CTN Red & YELL STRP  F/S,RED/ Y,39,910024300760
@EASE,SHIRTS,NA,PS0244,100 % CTN WHT & black CHKS  F/,WHITE/,42,910024400766
@EASE,SHIRTS,NA,PS0244,100 % CTN WHT & black CHKS  F/,WHITE/,40,910024400765
@EASE,SHIRTS,NA,PS0245,100 % CTN WHT SOL  F/S,WHITE,40,910024500769
@EASE,SHIRTS,NA,PS0247,100 % CTN Turquiose & WHT STRP,TURQUO,42,910024700778
@EASE,SHIRTS,NA,PS0247,100 % CTN Turquiose & WHT STRP,TURQUO,40,910024700777
@EASE,SHIRTS,NA,PS0248,100 % CTN Red & WHT CHKS  F/S,RED/ W,42,910024800782
@EASE,SHIRTS,NA,PS0248,100 % CTN Red & WHT CHKS  F/S,RED/ W,40,910024800781
@EASE,SHIRTS,NA,PS0248,100 % CTN Red & WHT CHKS  F/S,RED/ W,44,910024800783
@EASE,SHIRTS,NA,PS0250,100 % CTN Pink & WHT CHKS  F/S,PINK/W,44,910025000791
@EASE,SHIRTS,NA,PS0251,100 % CTN Lt BL & WHT STRP  F/,LT. BL,40,910025100793
@EASE,SHIRTS,NA,PS0252,100 % CTN GRN SOL  F/S,GREEN,42,910025200798
@EASE,SHIRTS,NA,PS0252,100 % CTN GRN SOL  F/S,GREEN,40,910025200797
@EASE,SHIRTS,NA,PS0253,100 % CTN CHRCOAL SOL  F/S,CHARCO,42,910025300802
@EASE,SHIRTS,NA,PS0253,100 % CTN CHRCOAL SOL  F/S,CHARCO,39,910025300800
@EASE,SHIRTS,NA,PS0253,100 % CTN CHRCOAL SOL  F/S,CHARCO,44,910025300803
@EASE,SHIRTS,NA,PS0254,100 % CTN BRN SOL  F/S,BROWN,40,910025400805
@EASE,SHIRTS,NA,PS0255,100 % CTN Lt BRN SOL  F/S,LT. BR,42,910025500810
@EASE,SHIRTS,NA,PS0256,100 % CTN Navy BL SOL  F/S,NAVY,44,910025600815
@EASE,SHIRTS,NA,PS0258,100 % CTN Orange & saffron CHK,ORANGE,40,910025800821
@EASE,SHIRTS,NA,PS0258,100 % CTN Orange & saffron CHK,ORANGE,44,910025800823
@EASE,SHIRTS,NA,PS0259,100 % CTN Torquiose SOL  F/S,TURQUO,40,910025900825
@EASE,SHIRTS,NA,PS0259,100 % CTN Torquiose SOL  F/S,TURQUO,39,910025900824
@EASE,SHIRTS,NA,PS0259,100 % CTN Torquiose SOL  F/S,TURQUO,44,910025900827
@EASE,SHIRTS,NA,PS0260,100 % CTN Moroon SOL  F/S,MAROON,40,910026000829
@EASE,SHIRTS,NA,PS0260,100 % CTN Moroon SOL  F/S,MAROON,44,910026000831
@EASE,SHIRTS,NA,PS0261,100 % CTN Aqua Sky SOL  F/S,AQUA S,42,910026100834
@EASE,SHIRTS,NA,PS0261,100 % CTN Aqua Sky SOL  F/S,AQUA S,40,910026100833
@EASE,SHIRTS,NA,PS0261,100 % CTN Aqua Sky SOL  F/S,AQUA S,44,910026100835
@EASE,SHIRTS,NA,PS0262,100 % CTN GRN & grey CHKS  F/S,GREEN,40,910026200837
@EASE,SHIRTS,NA,PS0262,100 % CTN GRN & grey CHKS  F/S,GREEN,44,910026200839
@EASE,SHIRTS,NA,PS0268,100% CTN SOLI PUTTY F/S,NA,M,910026800861
@EASE,SHIRTS,NA,PS0271,100% CTN STRP GREEN F/S,GREEN,40,910027100873
@EASE,SHIRTS,NA,PS0272,100% CTN STRP 535OROON F/S,MAROON,42,910027200878
@EASE,SHIRTS,NA,PS0272,100% CTN STRP 535OROON F/S,MAROON,40,910027200877
@EASE,SHIRTS,NA,PS0272,100% CTN STRP 535OROON F/S,MAROON,44,910027200879
@EASE,SHIRTS,NA,PS0273,100% CTN STRP 576FLVN F/S,NA,40,910027300881
@EASE,SHIRTS,NA,PS0274,100% CTN STRP 576HORN F/S,HORN,42,910027400886
@EASE,SHIRTS,NA,PS0274,100% CTN STRP 576HORN F/S,HORN,40,910027400885
@EASE,SHIRTS,NA,PS0274,100% CTN STRP 576HORN F/S,HORN,39,910027400884
@EASE,SHIRTS,NA,PS0274,100% CTN STRP 576HORN F/S,HORN,44,910027400887
@EASE,TROUSERS,NA,PT0007,PLEATED WOLLEN TROUSERS,CHALK,32,920000700047
@EASE,TROUSERS,NA,PT0007,PLEATED WOLLEN TROUSERS,CHALK,36,920000700049
@EASE,TROUSERS,NA,PT0008,PLEATED WOLLEN TROUSERS,CHARCO,30,920000800052
@EASE,TROUSERS,NA,PT0009,PLEATED WOLLEN TROUSERS,MUSTAN,32,920000900059
@EASE,TROUSERS,NA,PT0009,PLEATED WOLLEN TROUSERS,MUSTAN,36,920000900061
@EASE,TROUSERS,NA,PT0011,PLEATED WOLLEN TROUSERS,BLACK,30,920001100070
@EASE,TROUSERS,NA,PT0012,PLEATED WOLLEN TROUSERS,BLACK,ASSO,920001200074
@EASE,TROUSERS,NA,PT0012,PLEATED WOLLEN TROUSERS,BLACK,32,920001200077
@EASE,TROUSERS,NA,PT0012,PLEATED WOLLEN TROUSERS,BLACK,36,920001200079
@EASE,TROUSERS,NA,PT0013,PLEATED WOLLEN TROUSERS,CAMEL,30,920001300082
@EASE,TROUSERS,NA,PT0014,PLEATED WOLLEN TROUSERS,GREY,34,920001400090
@EASE,TROUSERS,NA,PT0026,COTTON TROUSER,CHARCO,32,920002600137
@EASE,TROUSERS,NA,PT0027,FG2 SECONDS TROUSER,NA,30,920002700143
@EASE,TROUSERS,NA,PT0028,FG2 SECONDS TROUSER,NA,34,920002800150
@EASE,TROUSERS,NA,PT0053,COTTON TROUSER,GREEN,34,920005300252
BENETTON,MUFFLER,NA,BA1201,BTN MUFFLER,NA,0,500000453000
BENETTON,MUFFLER,NA,BA1203,BTN MUFFLER,NA,0,500000453200
BENETTON,CAPS,NA,BC1008,BTN  CAPS,NA,FR,500000370700
BENETTON,SHORTS,NA,BH0001,WOMENS-SHORT,NA,26,710000022326
BENETTON,SHORTS,NA,BH0003,WOMENS-SHORT,NA,28,710000023728
BENETTON,SHORTS,NA,BH0005,WMS SHORT,NA,28,710000026228
BENETTON,JACKETS,NA,BJ0022,MENS JACKETS,NA,44,449421521644
BENETTON,JACKETS,NA,BJ0023,MENS JACKETS,NA,39,514006090339
BENETTON,JACKETS,NA,BJ0053,MENS JACKETS,NA,39,710000027539
BENETTON,JACKETS,NA,BJ0054,MENS JACKETS,NA,40,710000031740
BENETTON,JACKETS,NA,BJ0058,MENS JACKETS,NA,42,710000036842
BENETTON,JACKETS,NA,BJ1025,MENS NON DENIM JACKETS,NA,39,500000150039
BENETTON,JACKETS,NA,BJ1026,MENS NON DENIM JACKETS,NA,42,500000150942
BENETTON,JACKETS,NA,BJ1030,MENS NON DENIM JACKETS,NA,40,500000153640
BENETTON,JACKETS,NA,BJ1031,MENS NON DENIM JACKETS,NA,40,500000154340
BENETTON,TEES,NA,BK0001,S/S R/N UCB PRINT T-LADIESKNIT,NA,39,380141500039
BENETTON,TEES,NA,BK0002,S/S R/N UCB PRINT T-LADIESKNIT,NA,42,380141502342
BENETTON,TEES,NA,BK0004,S/S R/N UCB PRINT T-LADIESKNIT,NA,42,380141504342
BENETTON,TEES,NA,BK0007,S/S R/N UCB PRINT T-LADIESKNIT,NA,42,380141514842
BENETTON,TEES,NA,BK0008,S/S R/N UCB PRINT T-LADIESKNIT,NA,40,380141517840
BENETTON,TEES,NA,BK0009,S/S R/N UCB PRINT T-LADIESKNIT,NA,40,380141522240
BENETTON,TEES,NA,BK0009,S/S R/N UCB PRINT T-LADIESKNIT,NA,42,380141522242
BENETTON,TEES,NA,BK0010,S/S R/N UCB PRINT T-LADIESKNIT,NA,40,380141522340
BENETTON,TEES,NA,BK0010,S/S R/N UCB PRINT T-LADIESKNIT,NA,42,380141522342
BENETTON,TEES,NA,BK0011,S/S R/N UCB PRINT T-LADIESKNIT,NA,39,380141529239
BENETTON,TEES,NA,BK0012,S/S R/N UCB PRINT T-LADIESKNIT,NA,39,380141532339
BENETTON,TEES,NA,BK0012,S/S R/N UCB PRINT T-LADIESKNIT,NA,40,380141532340
BENETTON,POLOS,NA,BK0015,S/S PIQUE POLO-KNITS-237,NA,42,389333123742
BENETTON,POLOS,NA,BK0016,S/S PIQUE POLO-KNITS-234,NA,39,389333123439
BENETTON,POLOS,NA,BK0018,S/S POLO PIQUE- GMT DYED-KNITS,NA,39,389333113339
BENETTON,JACKETS,NA,BK0020,F/S HOOD JKT WT B PRINT-LADIES,NA,39,344522220339
BENETTON,JACKETS,NA,BK0022,F/S HOOD JKT WT B PRINT-LADIES,NA,39,344522224439
BENETTON,JACKETS,NA,BK0022,F/S HOOD JKT WT B PRINT-LADIES,NA,40,344522224440
BENETTON,JACKETS,NA,BK0023,F/S HOOD JKT WT B PRINT-LADIES,NA,39,344522250139
BENETTON,SWEATSHIRTS,NA,BK0025,F/S R/N SWEATSHRT WT UNITED-LA,NA,39,344128300039
BENETTON,POLOS,NA,BK0042,S/S PIQUE POLO-KNITS-501,NA,44,389333150144
BENETTON,POLOS,NA,BK0050,S/S PIQUE POLO-KNITS-047,NA,42,389333104742
BENETTON,POLOS,NA,BK0055,S/S MERCERIZED POLOWTTIPPING-K,NA,39,380313401639
BENETTON,POLOS,NA,BK0056,S/S MERCERIZED POLOWTTIPPING-K,NA,46,380313410146
BENETTON,POLOS,NA,BK0057,S/S MERCERIZED POLOWTTIPPING-K,NA,42,380313424442
BENETTON,SWEATERS,NA,BK0067,R/N S/S STRIPER TEE WT. PLKT-W,NA,44,198785591244
BENETTON,SWEATSHIRTS,NA,BK0072,R/N L/S RIBBED TRICO TOP-KNITS,NA,39,174146634539
BENETTON,SWEATSHIRTS,NA,BK0073,R/N L/S RIBBED TRICO TOP-KNITS,NA,39,174146638939
BENETTON,POLOS,NA,BK0079,S/S POLO TRICOT-WOOLLENS-100,NA,40,198377510040
BENETTON,POLOS,NA,BK0080,S/S POLO TRICOT-WOOLLENS-163,NA,39,198377516339
BENETTON,POLOS,NA,BK0080,S/S POLO TRICOT-WOOLLENS-163,NA,40,198377516340
BENETTON,TEES,NA,BK0092,S/S COLLARED RIBBED TRICO-KNIT,NA,40,174348538940
BENETTON,TEES,NA,BK0092,S/S COLLARED RIBBED TRICO-KNIT,NA,42,174348538942
BENETTON,TEES,NA,BK0105,3/4TH SLV TOP WITH SWEETHRT-LA,NA,40,180425523040
BENETTON,SWEATSHIRTS,NA,BK0112,S/S MOCK NECK RIB TOP-LADIESKN,NA,42,118254511642
BENETTON,SWEATERS,NA,BK0118,TURTLE NK. RIBBED TRICO-KNITS-,NA,42,188296616842
BENETTON,SWEATERS,NA,BK0118,TURTLE NK. RIBBED TRICO-KNITS-,NA,44,188296616844
BENETTON,SWEATERS,NA,BK0179,SCOOP NK F/S POINTELLE TOP-LAD,NA,42,169145653342
BENETTON,SWEATERS,NA,BK0180,SCOOP NK F/S POINTELLE TOP-LAD,NA,40,169145600040
BENETTON,TEES,NA,BK0214,1209C323B-NA-901,NA,82,109323190182
BENETTON,TEES,NA,BK0217,1092Q112B-NA-220,NA,42,192112122042
BENETTON,POLOS,NA,BK0442,S/S POLO TRICOT-WOOLLENS-016,NA,44,198391501644
BENETTON,TEES,NA,BK0524,1209C120B-NA-297,NA,42,109120129742
BENETTON,TEES,NA,BK0540,SCOOP NK 3/4TH SLV FLARE TOP-L,NA,42,380142300042
BENETTON,TEES,NA,BK0561,MENS TEES,NA,44,394801624444
BENETTON,TEES,NA,BK0562,MENS TEES,NA,42,394121023442
BENETTON,TEES,NA,BK0566,MENS TEES,NA,42,394121003742
BENETTON,TEES,NA,BK0572,MENS TEES,NA,42,394121503742
BENETTON,TEES,NA,BK0582,MENS TEES,NA,44,394107710144
BENETTON,SWEATERS,NA,BK0587,SWEATER KNITS,NA,40,180727610140
BENETTON,SWEATERS,NA,BK0588,SWEATER KNITS,NA,40,180727617840
BENETTON,POLOS,NA,BK0594,MENS POLOS,BLACK,44,379333180044
BENETTON,SWEATSHIRTS,NA,BK0600,MENS SWEAT SHIRTS,NA,39,344522200039
BENETTON,POLOS,NA,BK0606,MENS POLOS,NA,42,394109507842
BENETTON,SWEATSHIRTS,NA,BK0609,MENS SWEAT SHIRTS,NA,40,192677620440
BENETTON,SWEATSHIRTS,NA,BK0614,MENS SWEAT SHIRTS,NA,42,198391511642
BENETTON,POLOS,NA,BK0629,MENS POLOS,NA,39,325603265139
BENETTON,POLOS,NA,BK0629,MENS POLOS,NA,40,325603265140
BENETTON,POLOS,NA,BK0629,MENS POLOS,NA,42,325603265142
BENETTON,POLOS,NA,BK0633,MENS POLOS,NA,40,389333159440
BENETTON,POLOS,NA,BK0633,MENS POLOS,NA,42,389333159442
BENETTON,POLOS,NA,BK0650,MENS POLOS,NA,40,311311323040
BENETTON,POLOS,NA,BK0653,MENS POLOS,NA,42,380124000042
BENETTON,TEES,NA,BK0713,MENS TEES,NA,39,710000008039
BENETTON,TEES,NA,BK0714,MENS TEES,NA,38,710000008538
BENETTON,TEES,NA,BK0714,MENS TEES,NA,39,710000008639
BENETTON,POLOS,NA,BK0715,MENS POLOS,NA,39,710000009239
BENETTON,POLOS,NA,BK0716,MENS POLOS,NA,39,710000009839
BENETTON,POLOS,NA,BK0717,MENS POLOS,NA,39,710000015339
BENETTON,POLOS,NA,BK0717,MENS POLOS,NA,40,710000015440
BENETTON,POLOS,NA,BK0717,MENS POLOS,NA,44,710000015744
BENETTON,SWEATERS,NA,BK0724,MENS SWEATERS,NA,42,710000028242
BENETTON,POLOS,NA,BK1002,PK  S.BLU,NA,39,500000000939
BENETTON,POLOS,NA,BK1002,PK  S.BLU,NA,44,500000001244
BENETTON,POLOS,NA,BK1002,PK  S.BLU,NA,46,500000001346
BENETTON,POLOS,NA,BK1007,PK  YLL,NA,39,500000004439
BENETTON,POLOS,NA,BK1007,PK  YLL,NA,40,500000004540
BENETTON,POLOS,NA,BK1007,PK  YLL,NA,44,500000004744
BENETTON,POLOS,NA,BK1007,PK  YLL,NA,46,500000004846
BENETTON,POLOS,NA,BK1009,PK  BEIGE,NA,39,500000005839
BENETTON,POLOS,NA,BK1009,PK  BEIGE,NA,44,500000006144
BENETTON,POLOS,NA,BK1010,PK  BLACK,NA,42,500000006742
BENETTON,POLOS,NA,BK1011,PK  ORANGE,NA,46,500000007646
BENETTON,POLOS,NA,BK1012,PK  LVENDR,NA,39,500000007939
BENETTON,POLOS,NA,BK1012,PK  LVENDR,NA,40,500000008040
BENETTON,POLOS,NA,BK1040,PK  YLL WT WHT BRDR,NA,39,500000027539
BENETTON,POLOS,NA,BK1040,PK  YLL WT WHT BRDR,NA,40,500000027640
BENETTON,POLOS,NA,BK1040,PK  YLL WT WHT BRDR,NA,42,500000027742
BENETTON,POLOS,NA,BK1040,PK  YLL WT WHT BRDR,NA,44,500000027844
BENETTON,POLOS,NA,BK1091,PK  S.BLU WT WHT BRDR STN FSH,NA,39,500000063239
BENETTON,POLOS,NA,BK1091,PK  S.BLU WT WHT BRDR STN FSH,NA,44,500000063544
BENETTON,POLOS,NA,BK1091,PK  S.BLU WT WHT BRDR STN FSH,NA,46,500000063646
BENETTON,POLOS,NA,BK1100,PK  ORANGE WT WHT BRDR STN FSH,NA,42,500000069742
BENETTON,POLOS,NA,BK1114,PK  D.GRN,NA,39,500000079339
BENETTON,POLOS,NA,BK1114,PK  D.GRN,NA,40,500000079440
BENETTON,POLOS,NA,BK1137,PK  CLLR SLF DESGN KNITS,NA,40,500000267140
BENETTON,POLOS,NA,BK1139,PK  CLLR SLF DESGN KNITS,NA,40,500000268340
BENETTON,POLOS,NA,BK1139,PK  CLLR SLF DESGN KNITS,NA,42,500000268442
BENETTON,TEES,NA,BK1143,PK KNITS SLD AST CLR,NA,44,500000336944
BENETTON,POLOS,NA,BK1145,PK KNITS SLD AST CLR,NA,39,500000337839
BENETTON,POLOS,NA,BK1146,PK KNITS SLD AST CLR,NA,39,500000338439
BENETTON,POLOS,NA,BK1147,PK KNITS SLD AST CLR,NA,40,500000339140
BENETTON,POLOS,NA,BK1147,PK KNITS SLD AST CLR,NA,44,500000339344
BENETTON,POLOS,NA,BK1148,PK KNITS SLD AST CLR,NA,42,500000339842
BENETTON,POLOS,NA,BK1150,PK KNITS SLD AST CLR,NA,39,500000340839
BENETTON,POLOS,NA,BK1150,PK KNITS SLD AST CLR,NA,40,500000340940
BENETTON,POLOS,NA,BK1150,PK KNITS SLD AST CLR,NA,42,500000341042
BENETTON,POLOS,NA,BK1154,PK KNITS SLD LT BLUE,NA,39,500000343239
BENETTON,POLOS,NA,BK1154,PK KNITS SLD LT BLUE,NA,46,500000343646
BENETTON,POLOS,NA,BK1155,PK KNITS SLD INDIGO  BLUE,NA,39,500000343839
BENETTON,POLOS,NA,BK1156,PK KNITS SLD NAVY,NA,46,500000344846
BENETTON,POLOS,NA,BK1157,PK KNITS SLD LT BLUE WT BLK BR,NA,39,500000345039
BENETTON,SWEATSHIRTS,NA,BK1201,SWT SHRT  SOL WITHOUT HOOD,NA,44,500000088744
BENETTON,SWEATSHIRTS,NA,BK1205,SWT SHT SOL WITH HOOD,NA,42,500000228842
BENETTON,SWEATSHIRTS,NA,BK1214,SWT SHT SOL SBLU KNITS,NA,40,500000234140
BENETTON,SWEATSHIRTS,NA,BK1214,SWT SHT SOL SBLU KNITS,NA,42,500000234242
BENETTON,SWEATSHIRTS,NA,BK1215,SWT SHT SOL GRN  KNITS,NA,40,500000234740
BENETTON,SWEATSHIRTS,NA,BK1215,SWT SHT SOL GRN  KNITS,NA,44,500000234944
BENETTON,SWEATSHIRTS,NA,BK1216,SWT SHT SOL NAVY KNITS,NA,39,500000235239
BENETTON,SWEATSHIRTS,NA,BK1216,SWT SHT SOL NAVY KNITS,NA,40,500000235340
BENETTON,SWEATSHIRTS,NA,BK1216,SWT SHT SOL NAVY KNITS,NA,42,500000235442
BENETTON,SWEATSHIRTS,NA,BK1217,SWT SHT SOL ORG  KNITS,NA,40,500000235940
BENETTON,SWEATSHIRTS,NA,BK1217,SWT SHT SOL ORG  KNITS,NA,42,500000236042
BENETTON,SWEATSHIRTS,NA,BK1220,SWT SHT SOL BEIGE KNITS,NA,39,500000237639
BENETTON,SWEATSHIRTS,NA,BK1220,SWT SHT SOL BEIGE KNITS,NA,40,500000237740
BENETTON,SWEATSHIRTS,NA,BK1226,SWT SHT SOL SBLU KNITS,NA,40,500000241340
BENETTON,SWEATSHIRTS,NA,BK1226,SWT SHT SOL SBLU KNITS,NA,42,500000241442
BENETTON,SWEATSHIRTS,NA,BK1228,SWT SHT SOL NAVY KNITS,NA,39,500000242439
BENETTON,SWEATSHIRTS,NA,BK1228,SWT SHT SOL NAVY KNITS,NA,40,500000242540
BENETTON,SWEATSHIRTS,NA,BK1228,SWT SHT SOL NAVY KNITS,NA,42,500000242642
BENETTON,SWEATSHIRTS,NA,BK1228,SWT SHT SOL NAVY KNITS,NA,44,500000242744
BENETTON,SWEATSHIRTS,NA,BK1231,SWT SHT SOL GREY KNITS,NA,44,500000244544
BENETTON,SWEATSHIRTS,NA,BK1232,SWT SHT SOL BEIGE KNITS,NA,40,500000244940
BENETTON,SWEATSHIRTS,NA,BK1232,SWT SHT SOL BEIGE KNITS,NA,42,500000245042
BENETTON,SWEATSHIRTS,NA,BK1235,SWT SHT SOL DGRN   KNITS,NA,40,500000246740
BENETTON,SWEATSHIRTS,NA,BK1235,SWT SHT SOL DGRN   KNITS,NA,42,500000246842
BENETTON,SWEATSHIRTS,NA,BK1236,SWT SHT SOL PINK    KNITS,NA,39,500000247239
BENETTON,SWEATSHIRTS,NA,BK1242,SWT SHT PRN RND NCK KNITS,NA,42,500000251042
BENETTON,SWEATSHIRTS,NA,BK1247,SWT SHT SOL RND NCK KNITS,NA,40,500000253940
BENETTON,SWEATSHIRTS,NA,BK1247,SWT SHT SOL RND NCK KNITS,NA,42,500000254042
BENETTON,SWEATSHIRTS,NA,BK1247,SWT SHT SOL RND NCK KNITS,NA,44,500000254144
BENETTON,SWEATSHIRTS,NA,BK1248,SWT SHT PRN RND NCK KNITS,NA,40,500000254540
BENETTON,SWEATSHIRTS,NA,BK1248,SWT SHT PRN RND NCK KNITS,NA,42,500000254642
BENETTON,SWEATERS,NA,BK1301,SWTR SOL RND NCK,NA,42,500000279242
BENETTON,SWEATERS,NA,BK1313,SWTR SOL RND NCK,NA,40,500000286340
BENETTON,SWEATERS,NA,BK1313,SWTR SOL RND NCK,NA,42,500000286442
BENETTON,SWEATERS,NA,BK1314,SWTR SOL RND NCK  WITH ZIP,NA,44,500000287144
BENETTON,SWEATERS,NA,BK1316,SWTR SLF DESGN RND NCK,NA,40,500000288140
BENETTON,SWEATERS,NA,BK1317,SWTR SLF DESGN RND NCK  WITH Z,NA,42,500000288842
BENETTON,SWEATERS,NA,BK1319,SWTR SOL RND NCK,NA,38,500000289738
BENETTON,SWEATERS,NA,BK1321,SWTR SOL RND NCK  TRTL NCK,NA,40,500000291140
BENETTON,SWEATERS,NA,BK1325,SWTR SOL RND NCK,NA,39,500000293439
BENETTON,SWEATERS,NA,BK1325,SWTR SOL RND NCK,NA,42,500000293642
BENETTON,SWEATERS,NA,BK1326,SWTR SOL RND NCK  WITH ZIP,NA,39,500000294039
BENETTON,SWEATERS,NA,BK1326,SWTR SOL RND NCK  WITH ZIP,NA,40,500000294140
BENETTON,SWEATERS,NA,BK1326,SWTR SOL RND NCK  WITH ZIP,NA,42,500000294242
BENETTON,SWEATERS,NA,BK1327,SWTR SOL RND NCK  TRTL NCK,NA,39,500000294639
BENETTON,SWEATERS,NA,BK1328,SWTR SLF DESGN RND NCK,NA,39,500000295239
BENETTON,SWEATERS,NA,BK1328,SWTR SLF DESGN RND NCK,NA,42,500000295442
BENETTON,SWEATERS,NA,BK1328,SWTR SLF DESGN RND NCK,NA,44,500000295544
BENETTON,SWEATERS,NA,BK1334,SWTR SLF DESGN RND NCK,NA,40,500000298940
BENETTON,SWEATERS,NA,BK1340,SWTR SLF DESGN RND NCK,NA,39,500000302439
BENETTON,SWEATERS,NA,BK1343,SWTR SOL RND NCK,NA,42,500000304442
BENETTON,SWEATERS,NA,BK1343,SWTR SOL RND NCK,NA,44,500000304544
BENETTON,SWEATERS,NA,BK1344,SWTR SOL RND NCK  WITH ZIP,NA,39,500000304839
BENETTON,SWEATERS,NA,BK1344,SWTR SOL RND NCK  WITH ZIP,NA,40,500000304940
BENETTON,SWEATERS,NA,BK1346,SWTR SLF DESGN RND NCK,NA,39,500000306039
BENETTON,SWEATERS,NA,BK1358,SWTR SLF DESGN RND NCK,NA,39,500000313239
BENETTON,SWEATERS,NA,BK1358,SWTR SLF DESGN RND NCK,NA,40,500000313340
BENETTON,SWEATERS,NA,BK1358,SWTR SLF DESGN RND NCK,NA,42,500000313442
BENETTON,SWEATERS,NA,BK1397,SWTR SLF DESGN RND NCK WTH HOO,NA,42,500000347642
BENETTON,TEES,NA,BK1430,BSC PRN RND NCK KNITS,NA,44,500000213944
BENETTON,TEES,NA,BK1437,BSC SOL RND NCK KNITS,NA,42,500000218042
BENETTON,TEES,NA,BK1446,BSC PRN RND NCK KNITS,NA,39,500000223239
BENETTON,TEES,NA,BK1446,BSC PRN RND NCK KNITS,NA,40,500000223340
BENETTON,TEES,NA,BK1446,BSC PRN RND NCK KNITS,NA,42,500000223442
BENETTON,TEES,NA,BK1446,BSC PRN RND NCK KNITS,NA,44,500000223544
BENETTON,TEES,NA,BK1447,BSC SOL RND NCK KNITS,NA,39,500000223839
BENETTON,TEES,NA,BK1447,BSC SOL RND NCK KNITS,NA,42,500000224042
BENETTON,TEES,NA,BK1449,BSC SOL RND NCK KNITS,NA,39,500000225039
BENETTON,TEES,NA,BK1449,BSC SOL RND NCK KNITS,NA,40,500000225140
BENETTON,TEES,NA,BK1449,BSC SOL RND NCK KNITS,NA,42,500000225242
BENETTON,TEES,NA,BK1449,BSC SOL RND NCK KNITS,NA,44,500000225344
BENETTON,TEES,NA,BK1450,BSC PRN RND NCK KNITS,NA,39,500000225639
BENETTON,TEES,NA,BK1450,BSC PRN RND NCK KNITS,NA,40,500000225740
BENETTON,TEES,NA,BK1450,BSC PRN RND NCK KNITS,NA,42,500000225842
BENETTON,TEES,NA,BK5021,WMNS BSC SOL RND NCK KNITS,NA,40,500000545340
BENETTON,TEES,NA,BK5025,WMNS BSC SOL RND NCK KNITS,NA,40,500000547340
BENETTON,TEES,NA,BK5026,WMNS BSC SLF DESGN RND NCK KNI,NA,40,500000547840
BENETTON,TEES,NA,BK5038,WMNS BSC SLF DESGN RND NCK KNI,NA,39,500000553739
BENETTON,TEES,NA,BK5041,WMNS BSC SOL RND NCK KNITS,NA,44,500000555544
BENETTON,BRA,NA,BK5043,WMNS BSC SOL  BRA KNITS,NA,39,500000556239
BENETTON,TEES,NA,BK5054,WMNS BSC SLF DESGN RND NCK KNI,NA,40,500000561840
BENETTON,TEES,NA,BK5054,WMNS BSC SLF DESGN RND NCK KNI,NA,44,500000562044
BENETTON,TEES,NA,BK5073,WMNS BSC SOL RND NCK KNITS,NA,42,500000571442
BENETTON,TEES,NA,BK5074,WMNS BSC SLF DESGN RND NCK KNI,NA,39,500000571739
BENETTON,BRA,NA,BK5076,WMNS BSC SLF DESGN BRA KNITS,NA,40,500000572840
BENETTON,TEES,NA,BK5220,WMNS BSC SLF DESGN V NCK KNITS,NA,40,500000600840
BENETTON,TEES,NA,BK5220,WMNS BSC SLF DESGN V NCK KNITS,NA,42,500000600942
BENETTON,TEES,NA,BK5220,WMNS BSC SLF DESGN V NCK KNITS,NA,44,500000601044
BENETTON,TEES,NA,BK5239,WMNS BSC SOL V  NCK KNITS,NA,39,500000610239
BENETTON,TEES,NA,BK5239,WMNS BSC SOL V  NCK KNITS,NA,44,500000610544
BENETTON,TEES,NA,BK5245,WMNS BSC SOL V  NCK KNITS,NA,40,500000613340
BENETTON,TEES,NA,BK5245,WMNS BSC SOL V  NCK KNITS,NA,42,500000613442
BENETTON,TEES,NA,BK5252,WMNS BSC SLF DESGN V NCK KNITS,NA,44,500000617044
BENETTON,TEES,NA,BK5339,PK SOLID CLLR  KNITS,NA,39,500000639239
BENETTON,SWEATSHIRTS,NA,BK5427,SWT SHT SOL CLLR NCK KNITS,NA,40,500000662340
BENETTON,SWEATERS,NA,BK5509,BTN WMNS SWTR SOL RND NCK WITH,NA,39,500000691239
BENETTON,SWEATERS,NA,BK5509,BTN WMNS SWTR SOL RND NCK WITH,NA,40,500000691340
BENETTON,SWEATERS,NA,BK5510,BTN WMNS SWTR SOL RND NCK,NA,42,500000691942
BENETTON,SWEATERS,NA,BK5517,BTN WMNS SWTR SOL TRTL  NCK,NA,39,500000695239
BENETTON,SWEATERS,NA,BK5517,BTN WMNS SWTR SOL TRTL  NCK,NA,42,500000695442
BENETTON,SWEATERS,NA,BK5517,BTN WMNS SWTR SOL TRTL  NCK,NA,44,500000695544
BENETTON,SWEATERS,NA,BK5518,BTN WMNS SWTR SOL RND NCK WITH,NA,42,500000695942
BENETTON,SWEATERS,NA,BK5519,BTN WMNS SWTR SOL RND NCK,NA,40,500000696340
BENETTON,SWEATERS,NA,BK5519,BTN WMNS SWTR SOL RND NCK,NA,42,500000696442
BENETTON,SWEATERS,NA,BK5520,BTN WMNS SWTR SOL TRTL  NCK,NA,38,500000696638
BENETTON,SWEATERS,NA,BK5521,BTN WMNS SWTR SOL RND NCK WITH,NA,44,500000697544
BENETTON,SWEATERS,NA,BK5525,BTN WMNS SWTR SOL RND NCK,NA,42,500000699442
BENETTON,SWEATERS,NA,BK5525,BTN WMNS SWTR SOL RND NCK,NA,44,500000699544
BENETTON,TROUSERS,NA,BP1003,BTN PLEATED TRS,NA,32,500000181932
BENETTON,TROUSERS,NA,BP1003,BTN PLEATED TRS,NA,36,500000182136
BENETTON,TROUSERS,NA,BP1003,BTN PLEATED TRS,NA,40,500000182340
BENETTON,TROUSERS,NA,BP1004,BTN PLEATED TRS,NA,28,500000182528
BENETTON,TROUSERS,NA,BP1004,BTN PLEATED TRS,NA,42,500000183242
BENETTON,TROUSERS,NA,BP1011,BTN  DAEWOO  MOTORS TROUSER,NA,32,500000713032
BENETTON,SHORTS,NA,BS1013,3/4TH BTN MENS SHORTS,NA,28,500000168928
BENETTON,SHORTS,NA,BS1013,3/4TH BTN MENS SHORTS,NA,30,500000169030
BENETTON,SHORTS,NA,BS1014,3/4TH BTN MENS SHORTS,NA,30,500000169830
BENETTON,SHORTS,NA,BS1015,3/4TH BTN MENS SHORTS,NA,30,500000170630
BENETTON,SHORTS,NA,BS5001,BTN WOMENS  SHORT,NA,26,500000527226
BENETTON,TRACKPANTS,NA,BT0002,KNIT PANT WITH RIB WAIST BAN-L,NA,40,352068710140
BENETTON,TRACKPANTS,NA,BT0002,KNIT PANT WITH RIB WAIST BAN-L,NA,44,352068710144
BENETTON,TRACKPANTS,NA,BT0003,KNIT PANT WITH RIB WAIST BAN-L,NA,39,352068726239
BENETTON,DENIM,NA,BT0005,ZIPPER FLY AND PKT JEANS-LADIE,NA,28,424553577928
BENETTON,DENIM,NA,BT0010,STRIPE DENIM FLARE JEANSD-LADI,NA,28,431610500028
BENETTON,TRACKPANTS,NA,BT0014,TRACK BOTTOM WT STRIPE-KNITS-2,NA,42,344065522142
BENETTON,TRACKPANTS,NA,BT0018,TRACK BOTTOM WT STRIPE-KNITS-3,NA,44,344065531844
BENETTON,TROUSERS,NA,BT0036,FLAT FRONT T,NA,28,417648002828
BENETTON,TROUSERS,NA,BT0100,TROUSERS,NA,36,710000020036
BENETTON,TROUSERS,NA,BT0102,WMS TROUSER,NA,24,710000024824
BENETTON,TROUSERS,NA,BT0542,FLAT FRONT,NA,39,437504590139
BENETTON,TROUSERS,NA,BT0542,FLAT FRONT,NA,42,437504590142
BENETTON,TROUSERS,NA,BT1001,BTN FLTFNT TRS,NA,28,500000172128
BENETTON,TROUSERS,NA,BT1001,BTN FLTFNT TRS,NA,32,500000172332
BENETTON,TROUSERS,NA,BT1002,BTN FLTFNT TRS,NA,28,500000172928
BENETTON,TROUSERS,NA,BT1002,BTN FLTFNT TRS,NA,30,500000173030
BENETTON,TROUSERS,NA,BT1003,BTN FLTFNT TRS,NA,28,500000173728
BENETTON,TROUSERS,NA,BT1003,BTN FLTFNT TRS,NA,30,500000173830
BENETTON,TROUSERS,NA,BT1003,BTN FLTFNT TRS,NA,32,500000173932
BENETTON,TROUSERS,NA,BT1003,BTN FLTFNT TRS,NA,36,500000174136
BENETTON,TROUSERS,NA,BT1003,BTN FLTFNT TRS,NA,38,500000174238
BENETTON,TROUSERS,NA,BT1004,BTN FLTFNT TRS,NA,28,500000174528
BENETTON,TROUSERS,NA,BT1004,BTN FLTFNT TRS,NA,30,500000174630
BENETTON,TROUSERS,NA,BT1004,BTN FLTFNT TRS,NA,32,500000174732
BENETTON,TROUSERS,NA,BT1004,BTN FLTFNT TRS,NA,34,500000174834
BENETTON,TROUSERS,NA,BT1005,BTN FLTFNT TRS,NA,28,500000175328
BENETTON,TROUSERS,NA,BT1005,BTN FLTFNT TRS,NA,30,500000175430
BENETTON,TROUSERS,NA,BT1005,BTN FLTFNT TRS,NA,32,500000175532
BENETTON,TROUSERS,NA,BT1005,BTN FLTFNT TRS,NA,34,500000175634
BENETTON,TROUSERS,NA,BT1006,BTN FLTFNT TRS,NA,28,500000176128
BENETTON,TROUSERS,NA,BT1006,BTN FLTFNT TRS,NA,36,500000176536
BENETTON,TROUSERS,NA,BT1006,BTN FLTFNT TRS,NA,38,500000176638
BENETTON,TROUSERS,NA,BT5001,BTN WOMENS TROUSER,NA,32,500000501732
BENETTON,TROUSERS,NA,BT5002,BTN WOMENS TROUSER,NA,32,500000502332
BENETTON,TROUSERS,NA,BT5005,BTN WOMENS TROUSER,NA,26,500000503826
BENETTON,TROUSERS,NA,BT5005,BTN WOMENS TROUSER,NA,30,500000504030
BENETTON,TROUSERS,NA,BT5005,BTN WOMENS TROUSER,NA,32,500000504132
BENETTON,TROUSERS,NA,BT5006,BTN WOMENS TROUSER,NA,28,500000504528
BENETTON,TROUSERS,NA,BT5007,BTN WOMENS TROUSER,NA,28,500000505128
BENETTON,TROUSERS,NA,BT5007,BTN WOMENS TROUSER,NA,32,500000505332
BENETTON,TROUSERS,NA,BT5009,BTN WOMENS TROUSER,NA,26,500000506226
BENETTON,TROUSERS,NA,BT5009,BTN WOMENS TROUSER,NA,28,500000506328
BENETTON,TROUSERS,NA,BT5011,BTN WOMENS TROUSER,NA,28,500000507528
BENETTON,TROUSERS,NA,BT5011,BTN WOMENS TROUSER,NA,32,500000507732
BENETTON,DENIM,NA,BT5020,BTN WOMENS DENIM,NA,26,500000512826
BENETTON,PANTS,NA,BT5029,BTN WOMENS MATERNITY PANT,NA,26,500000518226
BENETTON,PANTS,NA,BT5029,BTN WOMENS MATERNITY PANT,NA,30,500000518430
BENETTON,SKIRTS,NA,BT5034,BTN WOMENS SKIRTS,NA,26,500000521226
BENETTON,SKIRTS,NA,BT5038,BTN WOMENS SKIRTS,NA,28,500000523728
BENETTON,SKIRTS,NA,BT5041,BTN WOMENS SKIRTS,NA,26,500000525426
BENETTON,SHIRTS,NA,BW0009,ASSORTED SHIRT,NA,40,200000999040
BENETTON,SHIRTS,NA,BW0015,SHIRT,NA,42,516050490142
BENETTON,SHIRTS,NA,BW0033,ASSORTED SHIRT,NA,40,710000011440
BENETTON,SHIRTS,NA,BW1001,BTN SOLID SHRTS F/S,NA,39,500000091239
BENETTON,SHIRTS,NA,BW1003,BTN SOLID SHRTS F/S,NA,42,500000092842
BENETTON,SHIRTS,NA,BW1003,BTN SOLID SHRTS F/S,NA,44,500000092944
BENETTON,SHIRTS,NA,BW1003,BTN SOLID SHRTS F/S,NA,46,500000093046
BENETTON,SHIRTS,NA,BW1004,BTN SOLID SHRTS F/S,NA,40,500000093440
BENETTON,SHIRTS,NA,BW1004,BTN SOLID SHRTS F/S,NA,46,500000093746
BENETTON,SHIRTS,NA,BW1011,BTN SOLID SHRTS H/S,NA,39,500000098239
BENETTON,SHIRTS,NA,BW1011,BTN SOLID SHRTS H/S,NA,40,500000098340
BENETTON,SHIRTS,NA,BW1011,BTN SOLID SHRTS H/S,NA,42,500000098442
BENETTON,SHIRTS,NA,BW1011,BTN SOLID SHRTS H/S,NA,44,500000098544
BENETTON,SHIRTS,NA,BW1013,BTN SOLID SHRTS H/S,NA,40,500000099740
BENETTON,SHIRTS,NA,BW1031,BTN CHK SHRTS H/S,NA,42,500000112442
BENETTON,SHIRTS,NA,BW1045,BTN STRPE SHRTS F/S,NA,42,500000122242
BENETTON,SHIRTS,NA,BW1045,BTN STRPE SHRTS F/S,NA,44,500000122344
BENETTON,SHIRTS,NA,BW1051,BTN STRPE SHRTS H/S,NA,44,500000126544
BENETTON,SHIRTS,NA,BW1070,BTN SOLD SHRTS H/S,NA,39,500000353439
BENETTON,SHIRTS,NA,BW1070,BTN SOLD SHRTS H/S,NA,40,500000353540
BENETTON,SHIRTS,NA,BW1070,BTN SOLD SHRTS H/S,NA,44,500000353744
BENETTON,SHIRTS,NA,BW5004,BTN WMNS SOLID SHRTS F/S,NA,39,500000664739
BENETTON,SHIRTS,NA,BW5011,BTN WMNS SOLID SHRTS H/S,NA,40,500000668340
BENETTON,SHIRTS,NA,BW5012,BTN WMNS SOLID SHRTS H/S,NA,42,500000668942
BENETTON,SHIRTS,NA,BW5027,BTN WMNS CHK SHRTS H/S,NA,42,500000676442
BENETTON,TEES,NA,BX0010,300000799-TOPS-KNITS,NA,40,300000799040
BENETTON,SHIRTS,NA,BX0015,ASSORTED,NA,42,300001199042
BENETTON,SHIRTS,NA,BX0015,ASSORTED,NA,44,300001199044
BENETTON,SHIRTS,NA,BX0017,ASSORTED,NA,40,300001299040
BENETTON,SHIRTS,NA,BX0017,ASSORTED,NA,42,300001299042
BENETTON,SHIRTS,NA,BX0023,ASSORTED,NA,39,300001499039
BENETTON,SHIRTS,NA,BX0023,ASSORTED,NA,40,300001499040
BENETTON,TROUSERS,NA,BY0001,ASSORTED BTM,NA,39,300006490039
BENETTON,TROUSERS,NA,BY0002,ASSORTED BTM,NA,28,300006990028
BENETTON,TROUSERS,NA,BY0004,ASSORTED BTM,NA,44,400005990044
BENETTON,TROUSERS,NA,BY0004,ASSORTED BTM,NA,82,400005990082
BENETTON,TROUSERS,NA,BY0006,ASSORTED BTM,NA,39,300004990039
BENETTON,TROUSERS,NA,BY0007,ASSORTED BTM,NA,39,300004690039
BENETTON,TROUSERS,NA,BY0008,ASSORTED BTM,NA,90,300003490090